MESH2_C,HANREI_C,SURV_YEAR,ORG_NO,ZUKAKU_NO,SHOKU_C,SHOKU_N,DAI_C,DAI_N,CHU_C,CHU_N,SAI_C,SAI_N,HANREI_N,raster
594123,540700,2008,41,,9,植林地、耕作地植生,54,植林地,07,カラマツ植林,00,,カラマツ植林,540700
594123,540100,2008,38,,9,植林地、耕作地植生,54,植林地,01,スギ・ヒノキ・サワラ植林,00,,スギ・ヒノキ・サワラ植林,540100
594123,220106,2008,21,,5,ブナクラス域代償植生,22,落葉広葉樹二次林,01,ブナ－ミズナラ群落,06,キタコブシ－ミズナラ群集,キタコブシ－ミズナラ群集,220106
594123,540100,2008,38,,9,植林地、耕作地植生,54,植林地,01,スギ・ヒノキ・サワラ植林,00,,スギ・ヒノキ・サワラ植林,540100
594123,540700,2008,41,,9,植林地、耕作地植生,54,植林地,07,カラマツ植林,00,,カラマツ植林,540700
594123,140200,2008,13,,4,ブナクラス域自然植生,14,冷温帯針葉樹林,02,ヒノキアスナロ群落,00,,ヒノキアスナロ群落（ＩＶ）,140200
594123,540100,2008,38,,9,植林地、耕作地植生,54,植林地,01,スギ・ヒノキ・サワラ植林,00,,スギ・ヒノキ・サワラ植林,540100
594123,220106,2008,21,,5,ブナクラス域代償植生,22,落葉広葉樹二次林,01,ブナ－ミズナラ群落,06,キタコブシ－ミズナラ群集,キタコブシ－ミズナラ群集,220106
594123,220100,2008,20,,5,ブナクラス域代償植生,22,落葉広葉樹二次林,01,ブナ－ミズナラ群落,00,,ブナ－ミズナラ群落,220100
594123,540700,2008,41,,9,植林地、耕作地植生,54,植林地,07,カラマツ植林,00,,カラマツ植林,540700
594123,220106,2008,21,,5,ブナクラス域代償植生,22,落葉広葉樹二次林,01,ブナ－ミズナラ群落,06,キタコブシ－ミズナラ群集,キタコブシ－ミズナラ群集,220106
594123,540100,2008,38,,9,植林地、耕作地植生,54,植林地,01,スギ・ヒノキ・サワラ植林,00,,スギ・ヒノキ・サワラ植林,540100
594123,540700,2008,41,,9,植林地、耕作地植生,54,植林地,07,カラマツ植林,00,,カラマツ植林,540700
594123,540700,2008,41,,9,植林地、耕作地植生,54,植林地,07,カラマツ植林,00,,カラマツ植林,540700
594123,220106,2008,21,,5,ブナクラス域代償植生,22,落葉広葉樹二次林,01,ブナ－ミズナラ群落,06,キタコブシ－ミズナラ群集,キタコブシ－ミズナラ群集,220106
594123,540700,2008,41,,9,植林地、耕作地植生,54,植林地,07,カラマツ植林,00,,カラマツ植林,540700
594123,140200,2008,13,,4,ブナクラス域自然植生,14,冷温帯針葉樹林,02,ヒノキアスナロ群落,00,,ヒノキアスナロ群落（ＩＶ）,140200
594123,140200,2008,13,,4,ブナクラス域自然植生,14,冷温帯針葉樹林,02,ヒノキアスナロ群落,00,,ヒノキアスナロ群落（ＩＶ）,140200
594123,540700,2008,41,,9,植林地、耕作地植生,54,植林地,07,カラマツ植林,00,,カラマツ植林,540700
594123,220106,2008,21,,5,ブナクラス域代償植生,22,落葉広葉樹二次林,01,ブナ－ミズナラ群落,06,キタコブシ－ミズナラ群集,キタコブシ－ミズナラ群集,220106
594123,220106,2008,21,,5,ブナクラス域代償植生,22,落葉広葉樹二次林,01,ブナ－ミズナラ群落,06,キタコブシ－ミズナラ群集,キタコブシ－ミズナラ群集,220106
594123,540700,2008,41,,9,植林地、耕作地植生,54,植林地,07,カラマツ植林,00,,カラマツ植林,540700
594123,140200,2008,13,,4,ブナクラス域自然植生,14,冷温帯針葉樹林,02,ヒノキアスナロ群落,00,,ヒノキアスナロ群落（ＩＶ）,140200
594123,580600,2008,w,,10,その他,58,市街地等,06,開放水域,00,,開放水域,580600
594123,140200,2008,13,,4,ブナクラス域自然植生,14,冷温帯針葉樹林,02,ヒノキアスナロ群落,00,,ヒノキアスナロ群落（ＩＶ）,140200
594123,540700,2008,41,,9,植林地、耕作地植生,54,植林地,07,カラマツ植林,00,,カラマツ植林,540700
594123,140200,2008,13,,4,ブナクラス域自然植生,14,冷温帯針葉樹林,02,ヒノキアスナロ群落,00,,ヒノキアスナロ群落（ＩＶ）,140200
594123,540700,2008,41,,9,植林地、耕作地植生,54,植林地,07,カラマツ植林,00,,カラマツ植林,540700
594123,541200,2008,44,,9,植林地、耕作地植生,54,植林地,12,その他植林（落葉広葉樹）,00,,その他植林（落葉広葉樹）,541200
594123,140200,2008,13,,4,ブナクラス域自然植生,14,冷温帯針葉樹林,02,ヒノキアスナロ群落,00,,ヒノキアスナロ群落（ＩＶ）,140200
594123,540700,2008,41,,9,植林地、耕作地植生,54,植林地,07,カラマツ植林,00,,カラマツ植林,540700
594123,540100,2008,38,,9,植林地、耕作地植生,54,植林地,01,スギ・ヒノキ・サワラ植林,00,,スギ・ヒノキ・サワラ植林,540100
594123,540700,2008,41,,9,植林地、耕作地植生,54,植林地,07,カラマツ植林,00,,カラマツ植林,540700
594123,540700,2008,41,,9,植林地、耕作地植生,54,植林地,07,カラマツ植林,00,,カラマツ植林,540700
594123,220300,2008,23,,5,ブナクラス域代償植生,22,落葉広葉樹二次林,03,ウダイカンバ群落,00,,ウダイカンバ群落,220300
594123,540700,2008,41,,9,植林地、耕作地植生,54,植林地,07,カラマツ植林,00,,カラマツ植林,540700
594123,140200,2008,13,,4,ブナクラス域自然植生,14,冷温帯針葉樹林,02,ヒノキアスナロ群落,00,,ヒノキアスナロ群落（ＩＶ）,140200
594123,540700,2008,41,,9,植林地、耕作地植生,54,植林地,07,カラマツ植林,00,,カラマツ植林,540700
594123,540100,2008,38,,9,植林地、耕作地植生,54,植林地,01,スギ・ヒノキ・サワラ植林,00,,スギ・ヒノキ・サワラ植林,540100
594123,220300,2008,23,,5,ブナクラス域代償植生,22,落葉広葉樹二次林,03,ウダイカンバ群落,00,,ウダイカンバ群落,220300
594123,220106,2008,21,,5,ブナクラス域代償植生,22,落葉広葉樹二次林,01,ブナ－ミズナラ群落,06,キタコブシ－ミズナラ群集,キタコブシ－ミズナラ群集,220106
594123,540700,2008,41,,9,植林地、耕作地植生,54,植林地,07,カラマツ植林,00,,カラマツ植林,540700
594123,540100,2008,38,,9,植林地、耕作地植生,54,植林地,01,スギ・ヒノキ・サワラ植林,00,,スギ・ヒノキ・サワラ植林,540100
594123,540100,2008,38,,9,植林地、耕作地植生,54,植林地,01,スギ・ヒノキ・サワラ植林,00,,スギ・ヒノキ・サワラ植林,540100
594123,540700,2008,41,,9,植林地、耕作地植生,54,植林地,07,カラマツ植林,00,,カラマツ植林,540700
594123,540200,2008,39,,9,植林地、耕作地植生,54,植林地,02,アカマツ植林,00,,アカマツ植林,540200
594123,540700,2008,41,,9,植林地、耕作地植生,54,植林地,07,カラマツ植林,00,,カラマツ植林,540700
594123,540700,2008,41,,9,植林地、耕作地植生,54,植林地,07,カラマツ植林,00,,カラマツ植林,540700
594123,140200,2008,13,,4,ブナクラス域自然植生,14,冷温帯針葉樹林,02,ヒノキアスナロ群落,00,,ヒノキアスナロ群落（ＩＶ）,140200
594123,220106,2008,21,,5,ブナクラス域代償植生,22,落葉広葉樹二次林,01,ブナ－ミズナラ群落,06,キタコブシ－ミズナラ群集,キタコブシ－ミズナラ群集,220106
594123,220106,2008,21,,5,ブナクラス域代償植生,22,落葉広葉樹二次林,01,ブナ－ミズナラ群落,06,キタコブシ－ミズナラ群集,キタコブシ－ミズナラ群集,220106
594123,540700,2008,41,,9,植林地、耕作地植生,54,植林地,07,カラマツ植林,00,,カラマツ植林,540700
594123,540100,2008,38,,9,植林地、耕作地植生,54,植林地,01,スギ・ヒノキ・サワラ植林,00,,スギ・ヒノキ・サワラ植林,540100
594123,220106,2008,21,,5,ブナクラス域代償植生,22,落葉広葉樹二次林,01,ブナ－ミズナラ群落,06,キタコブシ－ミズナラ群集,キタコブシ－ミズナラ群集,220106
594123,540700,2008,41,,9,植林地、耕作地植生,54,植林地,07,カラマツ植林,00,,カラマツ植林,540700
594123,540200,2008,39,,9,植林地、耕作地植生,54,植林地,02,アカマツ植林,00,,アカマツ植林,540200
594123,540100,2008,38,,9,植林地、耕作地植生,54,植林地,01,スギ・ヒノキ・サワラ植林,00,,スギ・ヒノキ・サワラ植林,540100
594123,540700,2008,41,,9,植林地、耕作地植生,54,植林地,07,カラマツ植林,00,,カラマツ植林,540700
594123,220106,2008,21,,5,ブナクラス域代償植生,22,落葉広葉樹二次林,01,ブナ－ミズナラ群落,06,キタコブシ－ミズナラ群集,キタコブシ－ミズナラ群集,220106
594123,540700,2008,41,,9,植林地、耕作地植生,54,植林地,07,カラマツ植林,00,,カラマツ植林,540700
594123,540200,2008,39,,9,植林地、耕作地植生,54,植林地,02,アカマツ植林,00,,アカマツ植林,540200
594123,540100,2008,38,,9,植林地、耕作地植生,54,植林地,01,スギ・ヒノキ・サワラ植林,00,,スギ・ヒノキ・サワラ植林,540100
594123,220100,2008,20,,5,ブナクラス域代償植生,22,落葉広葉樹二次林,01,ブナ－ミズナラ群落,00,,ブナ－ミズナラ群落,220100
594123,540700,2008,41,,9,植林地、耕作地植生,54,植林地,07,カラマツ植林,00,,カラマツ植林,540700
594123,540700,2008,41,,9,植林地、耕作地植生,54,植林地,07,カラマツ植林,00,,カラマツ植林,540700
594123,140200,2008,13,,4,ブナクラス域自然植生,14,冷温帯針葉樹林,02,ヒノキアスナロ群落,00,,ヒノキアスナロ群落（ＩＶ）,140200
594123,541100,2008,42,,9,植林地、耕作地植生,54,植林地,11,その他植林（常緑針葉樹）,00,,その他植林（常緑針葉樹）,541100
594123,540100,2008,38,,9,植林地、耕作地植生,54,植林地,01,スギ・ヒノキ・サワラ植林,00,,スギ・ヒノキ・サワラ植林,540100
594123,540100,2008,38,,9,植林地、耕作地植生,54,植林地,01,スギ・ヒノキ・サワラ植林,00,,スギ・ヒノキ・サワラ植林,540100
594123,540200,2008,39,,9,植林地、耕作地植生,54,植林地,02,アカマツ植林,00,,アカマツ植林,540200
594123,541100,2008,42,,9,植林地、耕作地植生,54,植林地,11,その他植林（常緑針葉樹）,00,,その他植林（常緑針葉樹）,541100
594123,050100,2008,4,,2,コケモモ－トウヒクラス域自然植生,05,亜高山帯針葉樹林,01,オオシラビソ群団,00,,オオシラビソ群団,50100
594123,540700,2008,41,,9,植林地、耕作地植生,54,植林地,07,カラマツ植林,00,,カラマツ植林,540700
594123,580700,2008,r,,10,その他,58,市街地等,07,自然裸地,00,,自然裸地,580700
594123,060105,2008,6,,2,コケモモ－トウヒクラス域自然植生,06,亜高山帯広葉樹林,01,ミドリユキザサ－ダケカンバ群団,05,ミヤマハンノキ群落,ミヤマハンノキ群落,60105
594123,050100,2008,4,,2,コケモモ－トウヒクラス域自然植生,05,亜高山帯針葉樹林,01,オオシラビソ群団,00,,オオシラビソ群団,50100
594123,060105,2008,6,,2,コケモモ－トウヒクラス域自然植生,06,亜高山帯広葉樹林,01,ミドリユキザサ－ダケカンバ群団,05,ミヤマハンノキ群落,ミヤマハンノキ群落,60105
594123,050108,2008,5,,2,コケモモ－トウヒクラス域自然植生,05,亜高山帯針葉樹林,01,オオシラビソ群団,08,キタゴヨウ－アカエゾマツ群落,キタゴヨウ－アカエゾマツ群落,50108
594123,050100,2008,4,,2,コケモモ－トウヒクラス域自然植生,05,亜高山帯針葉樹林,01,オオシラビソ群団,00,,オオシラビソ群団,50100
594123,220106,2008,21,,5,ブナクラス域代償植生,22,落葉広葉樹二次林,01,ブナ－ミズナラ群落,06,キタコブシ－ミズナラ群集,キタコブシ－ミズナラ群集,220106
594123,540700,2008,41,,9,植林地、耕作地植生,54,植林地,07,カラマツ植林,00,,カラマツ植林,540700
594123,540700,2008,41,,9,植林地、耕作地植生,54,植林地,07,カラマツ植林,00,,カラマツ植林,540700
594123,580700,2008,r,,10,その他,58,市街地等,07,自然裸地,00,,自然裸地,580700
594123,220100,2008,20,,5,ブナクラス域代償植生,22,落葉広葉樹二次林,01,ブナ－ミズナラ群落,00,,ブナ－ミズナラ群落,220100
594123,540700,2008,41,,9,植林地、耕作地植生,54,植林地,07,カラマツ植林,00,,カラマツ植林,540700
594123,220106,2008,21,,5,ブナクラス域代償植生,22,落葉広葉樹二次林,01,ブナ－ミズナラ群落,06,キタコブシ－ミズナラ群集,キタコブシ－ミズナラ群集,220106
594123,540700,2008,41,,9,植林地、耕作地植生,54,植林地,07,カラマツ植林,00,,カラマツ植林,540700
594123,060105,2008,6,,2,コケモモ－トウヒクラス域自然植生,06,亜高山帯広葉樹林,01,ミドリユキザサ－ダケカンバ群団,05,ミヤマハンノキ群落,ミヤマハンノキ群落,60105
594123,580700,2008,r,,10,その他,58,市街地等,07,自然裸地,00,,自然裸地,580700
594123,540100,2008,38,,9,植林地、耕作地植生,54,植林地,01,スギ・ヒノキ・サワラ植林,00,,スギ・ヒノキ・サワラ植林,540100
594123,060107,2008,7,,2,コケモモ－トウヒクラス域自然植生,06,亜高山帯広葉樹林,01,ミドリユキザサ－ダケカンバ群団,07,ササ－ダケカンバ群落,ササ－ダケカンバ群落,60107
594123,580700,2008,r,,10,その他,58,市街地等,07,自然裸地,00,,自然裸地,580700
594123,010000,2008,1,,1,高山帯自然植生域,01,高山低木群落,00,,00,,高山低木群落,10000
594123,540100,2008,38,,9,植林地、耕作地植生,54,植林地,01,スギ・ヒノキ・サワラ植林,00,,スギ・ヒノキ・サワラ植林,540100
594123,540100,2008,38,,9,植林地、耕作地植生,54,植林地,01,スギ・ヒノキ・サワラ植林,00,,スギ・ヒノキ・サワラ植林,540100
594123,540200,2008,39,,9,植林地、耕作地植生,54,植林地,02,アカマツ植林,00,,アカマツ植林,540200
594123,540200,2008,39,,9,植林地、耕作地植生,54,植林地,02,アカマツ植林,00,,アカマツ植林,540200
594123,060100,2008,47,,2,コケモモ－トウヒクラス域自然植生,06,亜高山帯広葉樹林,01,ミドリユキザサ－ダケカンバ群団,00,,ミドリユキザサ－ダケカンバ群団,60100
594123,540100,2008,38,,9,植林地、耕作地植生,54,植林地,01,スギ・ヒノキ・サワラ植林,00,,スギ・ヒノキ・サワラ植林,540100
594123,020800,2008,2,,1,高山帯自然植生域,02,高山ハイデ及び風衝草原,08,高山ハイデ及び風衝草原（蛇紋岩地植生を含む）,00,,高山ハイデ及び風衝草原（蛇紋岩地植生を含む）,20800
594123,540700,2008,41,,9,植林地、耕作地植生,54,植林地,07,カラマツ植林,00,,カラマツ植林,540700
594123,540100,2008,38,,9,植林地、耕作地植生,54,植林地,01,スギ・ヒノキ・サワラ植林,00,,スギ・ヒノキ・サワラ植林,540100
594123,020800,2008,2,,1,高山帯自然植生域,02,高山ハイデ及び風衝草原,08,高山ハイデ及び風衝草原（蛇紋岩地植生を含む）,00,,高山ハイデ及び風衝草原（蛇紋岩地植生を含む）,20800
594123,220106,2008,21,,5,ブナクラス域代償植生,22,落葉広葉樹二次林,01,ブナ－ミズナラ群落,06,キタコブシ－ミズナラ群集,キタコブシ－ミズナラ群集,220106
594123,010000,2008,1,,1,高山帯自然植生域,01,高山低木群落,00,,00,,高山低木群落,10000
594123,020800,2008,2,,1,高山帯自然植生域,02,高山ハイデ及び風衝草原,08,高山ハイデ及び風衝草原（蛇紋岩地植生を含む）,00,,高山ハイデ及び風衝草原（蛇紋岩地植生を含む）,20800
594123,020800,2008,2,,1,高山帯自然植生域,02,高山ハイデ及び風衝草原,08,高山ハイデ及び風衝草原（蛇紋岩地植生を含む）,00,,高山ハイデ及び風衝草原（蛇紋岩地植生を含む）,20800
594123,540700,2008,41,,9,植林地、耕作地植生,54,植林地,07,カラマツ植林,00,,カラマツ植林,540700
594123,580700,2008,r,,10,その他,58,市街地等,07,自然裸地,00,,自然裸地,580700
594123,020800,2008,2,,1,高山帯自然植生域,02,高山ハイデ及び風衝草原,08,高山ハイデ及び風衝草原（蛇紋岩地植生を含む）,00,,高山ハイデ及び風衝草原（蛇紋岩地植生を含む）,20800
594123,540700,2008,41,,9,植林地、耕作地植生,54,植林地,07,カラマツ植林,00,,カラマツ植林,540700
594123,540100,2008,38,,9,植林地、耕作地植生,54,植林地,01,スギ・ヒノキ・サワラ植林,00,,スギ・ヒノキ・サワラ植林,540100
594123,060107,2008,7,,2,コケモモ－トウヒクラス域自然植生,06,亜高山帯広葉樹林,01,ミドリユキザサ－ダケカンバ群団,07,ササ－ダケカンバ群落,ササ－ダケカンバ群落,60107
594123,540700,2008,41,,9,植林地、耕作地植生,54,植林地,07,カラマツ植林,00,,カラマツ植林,540700
594123,580700,2008,r,,10,その他,58,市街地等,07,自然裸地,00,,自然裸地,580700
594123,220505,2008,24,,5,ブナクラス域代償植生,22,落葉広葉樹二次林,05,コナラ群落,05,ホソバヒカゲスゲ－コナラ群集,ホソバヒカゲスゲ－コナラ群集,220505
594123,540100,2008,38,,9,植林地、耕作地植生,54,植林地,01,スギ・ヒノキ・サワラ植林,00,,スギ・ヒノキ・サワラ植林,540100
594123,220106,2008,21,,5,ブナクラス域代償植生,22,落葉広葉樹二次林,01,ブナ－ミズナラ群落,06,キタコブシ－ミズナラ群集,キタコブシ－ミズナラ群集,220106
594123,220505,2008,24,,5,ブナクラス域代償植生,22,落葉広葉樹二次林,05,コナラ群落,05,ホソバヒカゲスゲ－コナラ群集,ホソバヒカゲスゲ－コナラ群集,220505
594123,220106,2008,21,,5,ブナクラス域代償植生,22,落葉広葉樹二次林,01,ブナ－ミズナラ群落,06,キタコブシ－ミズナラ群集,キタコブシ－ミズナラ群集,220106
594123,020800,2008,2,,1,高山帯自然植生域,02,高山ハイデ及び風衝草原,08,高山ハイデ及び風衝草原（蛇紋岩地植生を含む）,00,,高山ハイデ及び風衝草原（蛇紋岩地植生を含む）,20800
594123,020800,2008,2,,1,高山帯自然植生域,02,高山ハイデ及び風衝草原,08,高山ハイデ及び風衝草原（蛇紋岩地植生を含む）,00,,高山ハイデ及び風衝草原（蛇紋岩地植生を含む）,20800
594123,060107,2008,7,,2,コケモモ－トウヒクラス域自然植生,06,亜高山帯広葉樹林,01,ミドリユキザサ－ダケカンバ群団,07,ササ－ダケカンバ群落,ササ－ダケカンバ群落,60107
594123,020800,2008,2,,1,高山帯自然植生域,02,高山ハイデ及び風衝草原,08,高山ハイデ及び風衝草原（蛇紋岩地植生を含む）,00,,高山ハイデ及び風衝草原（蛇紋岩地植生を含む）,20800
594123,070200,2008,8,,2,コケモモ－トウヒクラス域自然植生,07,高茎草原及び風衝草原,02,ササ群落,00,,ササ群落（ＩＩ）,70200
594123,020800,2008,2,,1,高山帯自然植生域,02,高山ハイデ及び風衝草原,08,高山ハイデ及び風衝草原（蛇紋岩地植生を含む）,00,,高山ハイデ及び風衝草原（蛇紋岩地植生を含む）,20800
594123,220505,2008,24,,5,ブナクラス域代償植生,22,落葉広葉樹二次林,05,コナラ群落,05,ホソバヒカゲスゲ－コナラ群集,ホソバヒカゲスゲ－コナラ群集,220505
594123,540700,2008,41,,9,植林地、耕作地植生,54,植林地,07,カラマツ植林,00,,カラマツ植林,540700
594123,540200,2008,39,,9,植林地、耕作地植生,54,植林地,02,アカマツ植林,00,,アカマツ植林,540200
594123,540200,2008,39,,9,植林地、耕作地植生,54,植林地,02,アカマツ植林,00,,アカマツ植林,540200
594123,250200,2008,30,,5,ブナクラス域代償植生,25,二次草原,02,ススキ群団,00,,ススキ群団（Ｖ）,250200
594123,540100,2008,38,,9,植林地、耕作地植生,54,植林地,01,スギ・ヒノキ・サワラ植林,00,,スギ・ヒノキ・サワラ植林,540100
594123,540100,2008,38,,9,植林地、耕作地植生,54,植林地,01,スギ・ヒノキ・サワラ植林,00,,スギ・ヒノキ・サワラ植林,540100
594123,220505,2008,24,,5,ブナクラス域代償植生,22,落葉広葉樹二次林,05,コナラ群落,05,ホソバヒカゲスゲ－コナラ群集,ホソバヒカゲスゲ－コナラ群集,220505
594123,220505,2008,24,,5,ブナクラス域代償植生,22,落葉広葉樹二次林,05,コナラ群落,05,ホソバヒカゲスゲ－コナラ群集,ホソバヒカゲスゲ－コナラ群集,220505
594123,050100,2008,4,,2,コケモモ－トウヒクラス域自然植生,05,亜高山帯針葉樹林,01,オオシラビソ群団,00,,オオシラビソ群団,50100
594123,580600,2008,w,,10,その他,58,市街地等,06,開放水域,00,,開放水域,580600
594123,020800,2008,2,,1,高山帯自然植生域,02,高山ハイデ及び風衝草原,08,高山ハイデ及び風衝草原（蛇紋岩地植生を含む）,00,,高山ハイデ及び風衝草原（蛇紋岩地植生を含む）,20800
594123,060100,2008,47,,2,コケモモ－トウヒクラス域自然植生,06,亜高山帯広葉樹林,01,ミドリユキザサ－ダケカンバ群団,00,,ミドリユキザサ－ダケカンバ群団,60100
594123,260000,2008,31,,5,ブナクラス域代償植生,26,伐採跡地群落,00,,00,,伐採跡地群落（Ｖ）,260000
594123,050100,2008,4,,2,コケモモ－トウヒクラス域自然植生,05,亜高山帯針葉樹林,01,オオシラビソ群団,00,,オオシラビソ群団,50100
594123,220106,2008,21,,5,ブナクラス域代償植生,22,落葉広葉樹二次林,01,ブナ－ミズナラ群落,06,キタコブシ－ミズナラ群集,キタコブシ－ミズナラ群集,220106
594123,220505,2008,24,,5,ブナクラス域代償植生,22,落葉広葉樹二次林,05,コナラ群落,05,ホソバヒカゲスゲ－コナラ群集,ホソバヒカゲスゲ－コナラ群集,220505
594123,540100,2008,38,,9,植林地、耕作地植生,54,植林地,01,スギ・ヒノキ・サワラ植林,00,,スギ・ヒノキ・サワラ植林,540100
594123,050100,2008,4,,2,コケモモ－トウヒクラス域自然植生,05,亜高山帯針葉樹林,01,オオシラビソ群団,00,,オオシラビソ群団,50100
594123,070200,2008,8,,2,コケモモ－トウヒクラス域自然植生,07,高茎草原及び風衝草原,02,ササ群落,00,,ササ群落（ＩＩ）,70200
594123,580700,2008,r,,10,その他,58,市街地等,07,自然裸地,00,,自然裸地,580700
594123,221300,2008,27,,5,ブナクラス域代償植生,22,落葉広葉樹二次林,13,ケヤキ群落,00,,ケヤキ二次林,221300
594123,220505,2008,24,,5,ブナクラス域代償植生,22,落葉広葉樹二次林,05,コナラ群落,05,ホソバヒカゲスゲ－コナラ群集,ホソバヒカゲスゲ－コナラ群集,220505
594123,540100,2008,38,,9,植林地、耕作地植生,54,植林地,01,スギ・ヒノキ・サワラ植林,00,,スギ・ヒノキ・サワラ植林,540100
594123,020800,2008,2,,1,高山帯自然植生域,02,高山ハイデ及び風衝草原,08,高山ハイデ及び風衝草原（蛇紋岩地植生を含む）,00,,高山ハイデ及び風衝草原（蛇紋岩地植生を含む）,20800
594123,010000,2008,1,,1,高山帯自然植生域,01,高山低木群落,00,,00,,高山低木群落,10000
594123,020800,2008,2,,1,高山帯自然植生域,02,高山ハイデ及び風衝草原,08,高山ハイデ及び風衝草原（蛇紋岩地植生を含む）,00,,高山ハイデ及び風衝草原（蛇紋岩地植生を含む）,20800
594123,220106,2008,21,,5,ブナクラス域代償植生,22,落葉広葉樹二次林,01,ブナ－ミズナラ群落,06,キタコブシ－ミズナラ群集,キタコブシ－ミズナラ群集,220106
594123,020800,2008,2,,1,高山帯自然植生域,02,高山ハイデ及び風衝草原,08,高山ハイデ及び風衝草原（蛇紋岩地植生を含む）,00,,高山ハイデ及び風衝草原（蛇紋岩地植生を含む）,20800
594123,220505,2008,24,,5,ブナクラス域代償植生,22,落葉広葉樹二次林,05,コナラ群落,05,ホソバヒカゲスゲ－コナラ群集,ホソバヒカゲスゲ－コナラ群集,220505
594123,110100,2008,9,,4,ブナクラス域自然植生,11,落葉広葉樹林（日本海型）,01,チシマザサ－ブナ群団,00,,チシマザサ－ブナ群団,110100
594123,580700,2008,r,,10,その他,58,市街地等,07,自然裸地,00,,自然裸地,580700
594123,020800,2008,2,,1,高山帯自然植生域,02,高山ハイデ及び風衝草原,08,高山ハイデ及び風衝草原（蛇紋岩地植生を含む）,00,,高山ハイデ及び風衝草原（蛇紋岩地植生を含む）,20800
594123,540200,2008,39,,9,植林地、耕作地植生,54,植林地,02,アカマツ植林,00,,アカマツ植林,540200
594123,540200,2008,39,,9,植林地、耕作地植生,54,植林地,02,アカマツ植林,00,,アカマツ植林,540200
594123,010000,2008,1,,1,高山帯自然植生域,01,高山低木群落,00,,00,,高山低木群落,10000
594123,030000,2008,3,,1,高山帯自然植生域,03,雪田草原,00,,00,,雪田草原,30000
594123,020800,2008,2,,1,高山帯自然植生域,02,高山ハイデ及び風衝草原,08,高山ハイデ及び風衝草原（蛇紋岩地植生を含む）,00,,高山ハイデ及び風衝草原（蛇紋岩地植生を含む）,20800
594123,020800,2008,2,,1,高山帯自然植生域,02,高山ハイデ及び風衝草原,08,高山ハイデ及び風衝草原（蛇紋岩地植生を含む）,00,,高山ハイデ及び風衝草原（蛇紋岩地植生を含む）,20800
594123,220505,2008,24,,5,ブナクラス域代償植生,22,落葉広葉樹二次林,05,コナラ群落,05,ホソバヒカゲスゲ－コナラ群集,ホソバヒカゲスゲ－コナラ群集,220505
594123,030000,2008,3,,1,高山帯自然植生域,03,雪田草原,00,,00,,雪田草原,30000
594123,540100,2008,38,,9,植林地、耕作地植生,54,植林地,01,スギ・ヒノキ・サワラ植林,00,,スギ・ヒノキ・サワラ植林,540100
594123,010000,2008,1,,1,高山帯自然植生域,01,高山低木群落,00,,00,,高山低木群落,10000
594123,540700,2008,41,,9,植林地、耕作地植生,54,植林地,07,カラマツ植林,00,,カラマツ植林,540700
594123,050100,2008,4,,2,コケモモ－トウヒクラス域自然植生,05,亜高山帯針葉樹林,01,オオシラビソ群団,00,,オオシラビソ群団,50100
594123,570400,2008,b,,9,植林地、耕作地植生,57,耕作地,04,水田雑草群落,00,,水田雑草群落,570400
594123,580700,2008,r,,10,その他,58,市街地等,07,自然裸地,00,,自然裸地,580700
594123,020800,2008,2,,1,高山帯自然植生域,02,高山ハイデ及び風衝草原,08,高山ハイデ及び風衝草原（蛇紋岩地植生を含む）,00,,高山ハイデ及び風衝草原（蛇紋岩地植生を含む）,20800
594123,020800,2008,2,,1,高山帯自然植生域,02,高山ハイデ及び風衝草原,08,高山ハイデ及び風衝草原（蛇紋岩地植生を含む）,00,,高山ハイデ及び風衝草原（蛇紋岩地植生を含む）,20800
594123,020800,2008,2,,1,高山帯自然植生域,02,高山ハイデ及び風衝草原,08,高山ハイデ及び風衝草原（蛇紋岩地植生を含む）,00,,高山ハイデ及び風衝草原（蛇紋岩地植生を含む）,20800
594123,221300,2008,27,,5,ブナクラス域代償植生,22,落葉広葉樹二次林,13,ケヤキ群落,00,,ケヤキ二次林,221300
594123,010000,2008,1,,1,高山帯自然植生域,01,高山低木群落,00,,00,,高山低木群落,10000
594123,540100,2008,38,,9,植林地、耕作地植生,54,植林地,01,スギ・ヒノキ・サワラ植林,00,,スギ・ヒノキ・サワラ植林,540100
594123,540100,2008,38,,9,植林地、耕作地植生,54,植林地,01,スギ・ヒノキ・サワラ植林,00,,スギ・ヒノキ・サワラ植林,540100
594123,540700,2008,41,,9,植林地、耕作地植生,54,植林地,07,カラマツ植林,00,,カラマツ植林,540700
594123,010000,2008,1,,1,高山帯自然植生域,01,高山低木群落,00,,00,,高山低木群落,10000
594123,540200,2008,39,,9,植林地、耕作地植生,54,植林地,02,アカマツ植林,00,,アカマツ植林,540200
594123,221300,2008,27,,5,ブナクラス域代償植生,22,落葉広葉樹二次林,13,ケヤキ群落,00,,ケヤキ二次林,221300
594123,220106,2008,21,,5,ブナクラス域代償植生,22,落葉広葉樹二次林,01,ブナ－ミズナラ群落,06,キタコブシ－ミズナラ群集,キタコブシ－ミズナラ群集,220106
594123,540200,2008,39,,9,植林地、耕作地植生,54,植林地,02,アカマツ植林,00,,アカマツ植林,540200
594123,110100,2008,9,,4,ブナクラス域自然植生,11,落葉広葉樹林（日本海型）,01,チシマザサ－ブナ群団,00,,チシマザサ－ブナ群団,110100
594123,570400,2008,b,,9,植林地、耕作地植生,57,耕作地,04,水田雑草群落,00,,水田雑草群落,570400
594123,070200,2008,8,,2,コケモモ－トウヒクラス域自然植生,07,高茎草原及び風衝草原,02,ササ群落,00,,ササ群落（ＩＩ）,70200
594123,540700,2008,41,,9,植林地、耕作地植生,54,植林地,07,カラマツ植林,00,,カラマツ植林,540700
594123,050100,2008,4,,2,コケモモ－トウヒクラス域自然植生,05,亜高山帯針葉樹林,01,オオシラビソ群団,00,,オオシラビソ群団,50100
594123,010000,2008,1,,1,高山帯自然植生域,01,高山低木群落,00,,00,,高山低木群落,10000
594123,070200,2008,8,,2,コケモモ－トウヒクラス域自然植生,07,高茎草原及び風衝草原,02,ササ群落,00,,ササ群落（ＩＩ）,70200
594123,050100,2008,4,,2,コケモモ－トウヒクラス域自然植生,05,亜高山帯針葉樹林,01,オオシラビソ群団,00,,オオシラビソ群団,50100
594123,540100,2008,38,,9,植林地、耕作地植生,54,植林地,01,スギ・ヒノキ・サワラ植林,00,,スギ・ヒノキ・サワラ植林,540100
594123,221400,2008,28,,5,ブナクラス域代償植生,22,落葉広葉樹二次林,14,ダケカンバ群落,00,,ダケカンバ群落（Ｖ）,221400
594123,221400,2008,28,,5,ブナクラス域代償植生,22,落葉広葉樹二次林,14,ダケカンバ群落,00,,ダケカンバ群落（Ｖ）,221400
594123,030000,2008,3,,1,高山帯自然植生域,03,雪田草原,00,,00,,雪田草原,30000
594123,220505,2008,24,,5,ブナクラス域代償植生,22,落葉広葉樹二次林,05,コナラ群落,05,ホソバヒカゲスゲ－コナラ群集,ホソバヒカゲスゲ－コナラ群集,220505
594123,010000,2008,1,,1,高山帯自然植生域,01,高山低木群落,00,,00,,高山低木群落,10000
594123,540200,2008,39,,9,植林地、耕作地植生,54,植林地,02,アカマツ植林,00,,アカマツ植林,540200
594123,050100,2008,4,,2,コケモモ－トウヒクラス域自然植生,05,亜高山帯針葉樹林,01,オオシラビソ群団,00,,オオシラビソ群団,50100
594123,030000,2008,3,,1,高山帯自然植生域,03,雪田草原,00,,00,,雪田草原,30000
594123,050100,2008,4,,2,コケモモ－トウヒクラス域自然植生,05,亜高山帯針葉樹林,01,オオシラビソ群団,00,,オオシラビソ群団,50100
594123,030000,2008,3,,1,高山帯自然植生域,03,雪田草原,00,,00,,雪田草原,30000
594123,030000,2008,3,,1,高山帯自然植生域,03,雪田草原,00,,00,,雪田草原,30000
594123,580700,2008,r,,10,その他,58,市街地等,07,自然裸地,00,,自然裸地,580700
594123,110100,2008,9,,4,ブナクラス域自然植生,11,落葉広葉樹林（日本海型）,01,チシマザサ－ブナ群団,00,,チシマザサ－ブナ群団,110100
594123,010000,2008,1,,1,高山帯自然植生域,01,高山低木群落,00,,00,,高山低木群落,10000
594123,220106,2008,21,,5,ブナクラス域代償植生,22,落葉広葉樹二次林,01,ブナ－ミズナラ群落,06,キタコブシ－ミズナラ群集,キタコブシ－ミズナラ群集,220106
594123,540100,2008,38,,9,植林地、耕作地植生,54,植林地,01,スギ・ヒノキ・サワラ植林,00,,スギ・ヒノキ・サワラ植林,540100
594123,050100,2008,4,,2,コケモモ－トウヒクラス域自然植生,05,亜高山帯針葉樹林,01,オオシラビソ群団,00,,オオシラビソ群団,50100
594123,220505,2008,24,,5,ブナクラス域代償植生,22,落葉広葉樹二次林,05,コナラ群落,05,ホソバヒカゲスゲ－コナラ群集,ホソバヒカゲスゲ－コナラ群集,220505
594123,030000,2008,3,,1,高山帯自然植生域,03,雪田草原,00,,00,,雪田草原,30000
594123,580700,2008,r,,10,その他,58,市街地等,07,自然裸地,00,,自然裸地,580700
594123,030000,2008,3,,1,高山帯自然植生域,03,雪田草原,00,,00,,雪田草原,30000
594123,030000,2008,3,,1,高山帯自然植生域,03,雪田草原,00,,00,,雪田草原,30000
594123,221400,2008,28,,5,ブナクラス域代償植生,22,落葉広葉樹二次林,14,ダケカンバ群落,00,,ダケカンバ群落（Ｖ）,221400
594123,110100,2008,9,,4,ブナクラス域自然植生,11,落葉広葉樹林（日本海型）,01,チシマザサ－ブナ群団,00,,チシマザサ－ブナ群団,110100
594123,540200,2008,39,,9,植林地、耕作地植生,54,植林地,02,アカマツ植林,00,,アカマツ植林,540200
594123,020800,2008,2,,1,高山帯自然植生域,02,高山ハイデ及び風衝草原,08,高山ハイデ及び風衝草原（蛇紋岩地植生を含む）,00,,高山ハイデ及び風衝草原（蛇紋岩地植生を含む）,20800
594123,030000,2008,3,,1,高山帯自然植生域,03,雪田草原,00,,00,,雪田草原,30000
594123,020800,2008,2,,1,高山帯自然植生域,02,高山ハイデ及び風衝草原,08,高山ハイデ及び風衝草原（蛇紋岩地植生を含む）,00,,高山ハイデ及び風衝草原（蛇紋岩地植生を含む）,20800
594123,010000,2008,1,,1,高山帯自然植生域,01,高山低木群落,00,,00,,高山低木群落,10000
594123,540700,2008,41,,9,植林地、耕作地植生,54,植林地,07,カラマツ植林,00,,カラマツ植林,540700
594123,540200,2008,39,,9,植林地、耕作地植生,54,植林地,02,アカマツ植林,00,,アカマツ植林,540200
594123,050100,2008,4,,2,コケモモ－トウヒクラス域自然植生,05,亜高山帯針葉樹林,01,オオシラビソ群団,00,,オオシラビソ群団,50100
594123,540200,2008,39,,9,植林地、耕作地植生,54,植林地,02,アカマツ植林,00,,アカマツ植林,540200
594123,540200,2008,39,,9,植林地、耕作地植生,54,植林地,02,アカマツ植林,00,,アカマツ植林,540200
594123,010000,2008,1,,1,高山帯自然植生域,01,高山低木群落,00,,00,,高山低木群落,10000
594123,220106,2008,21,,5,ブナクラス域代償植生,22,落葉広葉樹二次林,01,ブナ－ミズナラ群落,06,キタコブシ－ミズナラ群集,キタコブシ－ミズナラ群集,220106
594123,220106,2008,21,,5,ブナクラス域代償植生,22,落葉広葉樹二次林,01,ブナ－ミズナラ群落,06,キタコブシ－ミズナラ群集,キタコブシ－ミズナラ群集,220106
594123,540700,2008,41,,9,植林地、耕作地植生,54,植林地,07,カラマツ植林,00,,カラマツ植林,540700
594123,250200,2008,30,,5,ブナクラス域代償植生,25,二次草原,02,ススキ群団,00,,ススキ群団（Ｖ）,250200
594123,540100,2008,38,,9,植林地、耕作地植生,54,植林地,01,スギ・ヒノキ・サワラ植林,00,,スギ・ヒノキ・サワラ植林,540100
594123,220106,2008,21,,5,ブナクラス域代償植生,22,落葉広葉樹二次林,01,ブナ－ミズナラ群落,06,キタコブシ－ミズナラ群集,キタコブシ－ミズナラ群集,220106
594123,220505,2008,24,,5,ブナクラス域代償植生,22,落葉広葉樹二次林,05,コナラ群落,05,ホソバヒカゲスゲ－コナラ群集,ホソバヒカゲスゲ－コナラ群集,220505
594123,220106,2008,21,,5,ブナクラス域代償植生,22,落葉広葉樹二次林,01,ブナ－ミズナラ群落,06,キタコブシ－ミズナラ群集,キタコブシ－ミズナラ群集,220106
594123,050100,2008,4,,2,コケモモ－トウヒクラス域自然植生,05,亜高山帯針葉樹林,01,オオシラビソ群団,00,,オオシラビソ群団,50100
594123,540700,2008,41,,9,植林地、耕作地植生,54,植林地,07,カラマツ植林,00,,カラマツ植林,540700
594123,580700,2008,r,,10,その他,58,市街地等,07,自然裸地,00,,自然裸地,580700
594123,250200,2008,30,,5,ブナクラス域代償植生,25,二次草原,02,ススキ群団,00,,ススキ群団（Ｖ）,250200
594123,540200,2008,39,,9,植林地、耕作地植生,54,植林地,02,アカマツ植林,00,,アカマツ植林,540200
594123,540100,2008,38,,9,植林地、耕作地植生,54,植林地,01,スギ・ヒノキ・サワラ植林,00,,スギ・ヒノキ・サワラ植林,540100
594123,540200,2008,39,,9,植林地、耕作地植生,54,植林地,02,アカマツ植林,00,,アカマツ植林,540200
594123,540700,2008,41,,9,植林地、耕作地植生,54,植林地,07,カラマツ植林,00,,カラマツ植林,540700
594123,540200,2008,39,,9,植林地、耕作地植生,54,植林地,02,アカマツ植林,00,,アカマツ植林,540200
594123,110100,2008,9,,4,ブナクラス域自然植生,11,落葉広葉樹林（日本海型）,01,チシマザサ－ブナ群団,00,,チシマザサ－ブナ群団,110100
594123,540700,2008,41,,9,植林地、耕作地植生,54,植林地,07,カラマツ植林,00,,カラマツ植林,540700
594123,540200,2008,39,,9,植林地、耕作地植生,54,植林地,02,アカマツ植林,00,,アカマツ植林,540200
594123,221300,2008,27,,5,ブナクラス域代償植生,22,落葉広葉樹二次林,13,ケヤキ群落,00,,ケヤキ二次林,221300
594123,540200,2008,39,,9,植林地、耕作地植生,54,植林地,02,アカマツ植林,00,,アカマツ植林,540200
594123,540200,2008,39,,9,植林地、耕作地植生,54,植林地,02,アカマツ植林,00,,アカマツ植林,540200
594123,250200,2008,30,,5,ブナクラス域代償植生,25,二次草原,02,ススキ群団,00,,ススキ群団（Ｖ）,250200
594123,540100,2008,38,,9,植林地、耕作地植生,54,植林地,01,スギ・ヒノキ・サワラ植林,00,,スギ・ヒノキ・サワラ植林,540100
594123,540700,2008,41,,9,植林地、耕作地植生,54,植林地,07,カラマツ植林,00,,カラマツ植林,540700
594123,220106,2008,21,,5,ブナクラス域代償植生,22,落葉広葉樹二次林,01,ブナ－ミズナラ群落,06,キタコブシ－ミズナラ群集,キタコブシ－ミズナラ群集,220106
594123,540700,2008,41,,9,植林地、耕作地植生,54,植林地,07,カラマツ植林,00,,カラマツ植林,540700
594123,540200,2008,39,,9,植林地、耕作地植生,54,植林地,02,アカマツ植林,00,,アカマツ植林,540200
594123,220106,2008,21,,5,ブナクラス域代償植生,22,落葉広葉樹二次林,01,ブナ－ミズナラ群落,06,キタコブシ－ミズナラ群集,キタコブシ－ミズナラ群集,220106
594123,540200,2008,39,,9,植林地、耕作地植生,54,植林地,02,アカマツ植林,00,,アカマツ植林,540200
594123,540200,2008,39,,9,植林地、耕作地植生,54,植林地,02,アカマツ植林,00,,アカマツ植林,540200
594123,220505,2008,24,,5,ブナクラス域代償植生,22,落葉広葉樹二次林,05,コナラ群落,05,ホソバヒカゲスゲ－コナラ群集,ホソバヒカゲスゲ－コナラ群集,220505
594123,221400,2008,28,,5,ブナクラス域代償植生,22,落葉広葉樹二次林,14,ダケカンバ群落,00,,ダケカンバ群落（Ｖ）,221400
594123,220505,2008,24,,5,ブナクラス域代償植生,22,落葉広葉樹二次林,05,コナラ群落,05,ホソバヒカゲスゲ－コナラ群集,ホソバヒカゲスゲ－コナラ群集,220505
594123,250200,2008,30,,5,ブナクラス域代償植生,25,二次草原,02,ススキ群団,00,,ススキ群団（Ｖ）,250200
594123,220100,2008,20,,5,ブナクラス域代償植生,22,落葉広葉樹二次林,01,ブナ－ミズナラ群落,00,,ブナ－ミズナラ群落,220100
594123,540700,2008,41,,9,植林地、耕作地植生,54,植林地,07,カラマツ植林,00,,カラマツ植林,540700
594123,220505,2008,24,,5,ブナクラス域代償植生,22,落葉広葉樹二次林,05,コナラ群落,05,ホソバヒカゲスゲ－コナラ群集,ホソバヒカゲスゲ－コナラ群集,220505
594123,140300,2008,14,,4,ブナクラス域自然植生,14,冷温帯針葉樹林,03,クロベ－キタゴヨウ群落,00,,クロベ－キタゴヨウ群落,140300
594123,220505,2008,24,,5,ブナクラス域代償植生,22,落葉広葉樹二次林,05,コナラ群落,05,ホソバヒカゲスゲ－コナラ群集,ホソバヒカゲスゲ－コナラ群集,220505
594123,570300,2008,a,,9,植林地、耕作地植生,57,耕作地,03,畑雑草群落,00,,畑雑草群落,570300
594123,140300,2008,14,,4,ブナクラス域自然植生,14,冷温帯針葉樹林,03,クロベ－キタゴヨウ群落,00,,クロベ－キタゴヨウ群落,140300
594123,221400,2008,28,,5,ブナクラス域代償植生,22,落葉広葉樹二次林,14,ダケカンバ群落,00,,ダケカンバ群落（Ｖ）,221400
594123,540700,2008,41,,9,植林地、耕作地植生,54,植林地,07,カラマツ植林,00,,カラマツ植林,540700
594123,580101,2008,i,,10,その他,58,市街地等,01,市街地,01,緑の多い住宅地,緑の多い住宅地,580101
594123,220106,2008,21,,5,ブナクラス域代償植生,22,落葉広葉樹二次林,01,ブナ－ミズナラ群落,06,キタコブシ－ミズナラ群集,キタコブシ－ミズナラ群集,220106
594123,540700,2008,41,,9,植林地、耕作地植生,54,植林地,07,カラマツ植林,00,,カラマツ植林,540700
594123,220505,2008,24,,5,ブナクラス域代償植生,22,落葉広葉樹二次林,05,コナラ群落,05,ホソバヒカゲスゲ－コナラ群集,ホソバヒカゲスゲ－コナラ群集,220505
594123,540700,2008,41,,9,植林地、耕作地植生,54,植林地,07,カラマツ植林,00,,カラマツ植林,540700
594123,570300,2008,a,,9,植林地、耕作地植生,57,耕作地,03,畑雑草群落,00,,畑雑草群落,570300
594123,540100,2008,38,,9,植林地、耕作地植生,54,植林地,01,スギ・ヒノキ・サワラ植林,00,,スギ・ヒノキ・サワラ植林,540100
594123,220106,2008,21,,5,ブナクラス域代償植生,22,落葉広葉樹二次林,01,ブナ－ミズナラ群落,06,キタコブシ－ミズナラ群集,キタコブシ－ミズナラ群集,220106
594123,220100,2008,20,,5,ブナクラス域代償植生,22,落葉広葉樹二次林,01,ブナ－ミズナラ群落,00,,ブナ－ミズナラ群落,220100
594123,220505,2008,24,,5,ブナクラス域代償植生,22,落葉広葉樹二次林,05,コナラ群落,05,ホソバヒカゲスゲ－コナラ群集,ホソバヒカゲスゲ－コナラ群集,220505
594123,250200,2008,30,,5,ブナクラス域代償植生,25,二次草原,02,ススキ群団,00,,ススキ群団（Ｖ）,250200
594123,140300,2008,14,,4,ブナクラス域自然植生,14,冷温帯針葉樹林,03,クロベ－キタゴヨウ群落,00,,クロベ－キタゴヨウ群落,140300
594123,580101,2008,i,,10,その他,58,市街地等,01,市街地,01,緑の多い住宅地,緑の多い住宅地,580101
594123,540700,2008,41,,9,植林地、耕作地植生,54,植林地,07,カラマツ植林,00,,カラマツ植林,540700
594123,570400,2008,b,,9,植林地、耕作地植生,57,耕作地,04,水田雑草群落,00,,水田雑草群落,570400
594123,220505,2008,24,,5,ブナクラス域代償植生,22,落葉広葉樹二次林,05,コナラ群落,05,ホソバヒカゲスゲ－コナラ群集,ホソバヒカゲスゲ－コナラ群集,220505
594123,221400,2008,28,,5,ブナクラス域代償植生,22,落葉広葉樹二次林,14,ダケカンバ群落,00,,ダケカンバ群落（Ｖ）,221400
594123,570400,2008,b,,9,植林地、耕作地植生,57,耕作地,04,水田雑草群落,00,,水田雑草群落,570400
594123,540100,2008,38,,9,植林地、耕作地植生,54,植林地,01,スギ・ヒノキ・サワラ植林,00,,スギ・ヒノキ・サワラ植林,540100
594123,540100,2008,38,,9,植林地、耕作地植生,54,植林地,01,スギ・ヒノキ・サワラ植林,00,,スギ・ヒノキ・サワラ植林,540100
594123,540100,2008,38,,9,植林地、耕作地植生,54,植林地,01,スギ・ヒノキ・サワラ植林,00,,スギ・ヒノキ・サワラ植林,540100
594123,250200,2008,30,,5,ブナクラス域代償植生,25,二次草原,02,ススキ群団,00,,ススキ群団（Ｖ）,250200
594123,580100,2008,k,,10,その他,58,市街地等,01,市街地,00,,市街地,580100
594123,540100,2008,38,,9,植林地、耕作地植生,54,植林地,01,スギ・ヒノキ・サワラ植林,00,,スギ・ヒノキ・サワラ植林,540100
594123,220100,2008,20,,5,ブナクラス域代償植生,22,落葉広葉樹二次林,01,ブナ－ミズナラ群落,00,,ブナ－ミズナラ群落,220100
594123,220505,2008,24,,5,ブナクラス域代償植生,22,落葉広葉樹二次林,05,コナラ群落,05,ホソバヒカゲスゲ－コナラ群集,ホソバヒカゲスゲ－コナラ群集,220505
594123,220505,2008,24,,5,ブナクラス域代償植生,22,落葉広葉樹二次林,05,コナラ群落,05,ホソバヒカゲスゲ－コナラ群集,ホソバヒカゲスゲ－コナラ群集,220505
594123,560200,2008,g,,9,植林地、耕作地植生,56,牧草地・ゴルフ場・芝地,02,牧草地,00,,牧草地,560200
594123,540700,2008,41,,9,植林地、耕作地植生,54,植林地,07,カラマツ植林,00,,カラマツ植林,540700
594123,580101,2008,i,,10,その他,58,市街地等,01,市街地,01,緑の多い住宅地,緑の多い住宅地,580101
594123,540100,2008,38,,9,植林地、耕作地植生,54,植林地,01,スギ・ヒノキ・サワラ植林,00,,スギ・ヒノキ・サワラ植林,540100
594123,540700,2008,41,,9,植林地、耕作地植生,54,植林地,07,カラマツ植林,00,,カラマツ植林,540700
594123,220106,2008,21,,5,ブナクラス域代償植生,22,落葉広葉樹二次林,01,ブナ－ミズナラ群落,06,キタコブシ－ミズナラ群集,キタコブシ－ミズナラ群集,220106
594123,540100,2008,38,,9,植林地、耕作地植生,54,植林地,01,スギ・ヒノキ・サワラ植林,00,,スギ・ヒノキ・サワラ植林,540100
594123,220505,2008,24,,5,ブナクラス域代償植生,22,落葉広葉樹二次林,05,コナラ群落,05,ホソバヒカゲスゲ－コナラ群集,ホソバヒカゲスゲ－コナラ群集,220505
594123,540100,2008,38,,9,植林地、耕作地植生,54,植林地,01,スギ・ヒノキ・サワラ植林,00,,スギ・ヒノキ・サワラ植林,540100
594123,580600,2008,w,,10,その他,58,市街地等,06,開放水域,00,,開放水域,580600
594123,570400,2008,b,,9,植林地、耕作地植生,57,耕作地,04,水田雑草群落,00,,水田雑草群落,570400
594123,540700,2008,41,,9,植林地、耕作地植生,54,植林地,07,カラマツ植林,00,,カラマツ植林,540700
594123,540100,2008,38,,9,植林地、耕作地植生,54,植林地,01,スギ・ヒノキ・サワラ植林,00,,スギ・ヒノキ・サワラ植林,540100
594123,570400,2008,b,,9,植林地、耕作地植生,57,耕作地,04,水田雑草群落,00,,水田雑草群落,570400
594123,540100,2008,38,,9,植林地、耕作地植生,54,植林地,01,スギ・ヒノキ・サワラ植林,00,,スギ・ヒノキ・サワラ植林,540100
594123,570400,2008,b,,9,植林地、耕作地植生,57,耕作地,04,水田雑草群落,00,,水田雑草群落,570400
594123,540200,2008,39,,9,植林地、耕作地植生,54,植林地,02,アカマツ植林,00,,アカマツ植林,540200
594123,580101,2008,i,,10,その他,58,市街地等,01,市街地,01,緑の多い住宅地,緑の多い住宅地,580101
594123,220505,2008,24,,5,ブナクラス域代償植生,22,落葉広葉樹二次林,05,コナラ群落,05,ホソバヒカゲスゲ－コナラ群集,ホソバヒカゲスゲ－コナラ群集,220505
594123,580101,2008,i,,10,その他,58,市街地等,01,市街地,01,緑の多い住宅地,緑の多い住宅地,580101
594123,570400,2008,b,,9,植林地、耕作地植生,57,耕作地,04,水田雑草群落,00,,水田雑草群落,570400
594123,540100,2008,38,,9,植林地、耕作地植生,54,植林地,01,スギ・ヒノキ・サワラ植林,00,,スギ・ヒノキ・サワラ植林,540100
594123,580101,2008,i,,10,その他,58,市街地等,01,市街地,01,緑の多い住宅地,緑の多い住宅地,580101
594123,221200,2008,26,,5,ブナクラス域代償植生,22,落葉広葉樹二次林,12,オニグルミ群落,00,,オニグルミ群落（Ｖ）,221200
594123,540100,2008,38,,9,植林地、耕作地植生,54,植林地,01,スギ・ヒノキ・サワラ植林,00,,スギ・ヒノキ・サワラ植林,540100
594123,580101,2008,i,,10,その他,58,市街地等,01,市街地,01,緑の多い住宅地,緑の多い住宅地,580101
594123,220106,2008,21,,5,ブナクラス域代償植生,22,落葉広葉樹二次林,01,ブナ－ミズナラ群落,06,キタコブシ－ミズナラ群集,キタコブシ－ミズナラ群集,220106
594123,580101,2008,i,,10,その他,58,市街地等,01,市街地,01,緑の多い住宅地,緑の多い住宅地,580101
594123,220505,2008,24,,5,ブナクラス域代償植生,22,落葉広葉樹二次林,05,コナラ群落,05,ホソバヒカゲスゲ－コナラ群集,ホソバヒカゲスゲ－コナラ群集,220505
594123,140300,2008,14,,4,ブナクラス域自然植生,14,冷温帯針葉樹林,03,クロベ－キタゴヨウ群落,00,,クロベ－キタゴヨウ群落,140300
594123,540100,2008,38,,9,植林地、耕作地植生,54,植林地,01,スギ・ヒノキ・サワラ植林,00,,スギ・ヒノキ・サワラ植林,540100
594123,220100,2008,20,,5,ブナクラス域代償植生,22,落葉広葉樹二次林,01,ブナ－ミズナラ群落,00,,ブナ－ミズナラ群落,220100
594123,220505,2008,24,,5,ブナクラス域代償植生,22,落葉広葉樹二次林,05,コナラ群落,05,ホソバヒカゲスゲ－コナラ群集,ホソバヒカゲスゲ－コナラ群集,220505
594123,540200,2008,39,,9,植林地、耕作地植生,54,植林地,02,アカマツ植林,00,,アカマツ植林,540200
594123,250200,2008,30,,5,ブナクラス域代償植生,25,二次草原,02,ススキ群団,00,,ススキ群団（Ｖ）,250200
594123,220505,2008,24,,5,ブナクラス域代償植生,22,落葉広葉樹二次林,05,コナラ群落,05,ホソバヒカゲスゲ－コナラ群集,ホソバヒカゲスゲ－コナラ群集,220505
594123,540700,2008,41,,9,植林地、耕作地植生,54,植林地,07,カラマツ植林,00,,カラマツ植林,540700
594123,540700,2008,41,,9,植林地、耕作地植生,54,植林地,07,カラマツ植林,00,,カラマツ植林,540700
594123,540100,2008,38,,9,植林地、耕作地植生,54,植林地,01,スギ・ヒノキ・サワラ植林,00,,スギ・ヒノキ・サワラ植林,540100
594123,221400,2008,28,,5,ブナクラス域代償植生,22,落葉広葉樹二次林,14,ダケカンバ群落,00,,ダケカンバ群落（Ｖ）,221400
594123,220505,2008,24,,5,ブナクラス域代償植生,22,落葉広葉樹二次林,05,コナラ群落,05,ホソバヒカゲスゲ－コナラ群集,ホソバヒカゲスゲ－コナラ群集,220505
594123,570300,2008,a,,9,植林地、耕作地植生,57,耕作地,03,畑雑草群落,00,,畑雑草群落,570300
594123,540100,2008,38,,9,植林地、耕作地植生,54,植林地,01,スギ・ヒノキ・サワラ植林,00,,スギ・ヒノキ・サワラ植林,540100
594123,540700,2008,41,,9,植林地、耕作地植生,54,植林地,07,カラマツ植林,00,,カラマツ植林,540700
594123,580101,2008,i,,10,その他,58,市街地等,01,市街地,01,緑の多い住宅地,緑の多い住宅地,580101
594123,221200,2008,26,,5,ブナクラス域代償植生,22,落葉広葉樹二次林,12,オニグルミ群落,00,,オニグルミ群落（Ｖ）,221200
594123,540100,2008,38,,9,植林地、耕作地植生,54,植林地,01,スギ・ヒノキ・サワラ植林,00,,スギ・ヒノキ・サワラ植林,540100
594123,540700,2008,41,,9,植林地、耕作地植生,54,植林地,07,カラマツ植林,00,,カラマツ植林,540700
594123,540100,2008,38,,9,植林地、耕作地植生,54,植林地,01,スギ・ヒノキ・サワラ植林,00,,スギ・ヒノキ・サワラ植林,540100
594123,221200,2008,26,,5,ブナクラス域代償植生,22,落葉広葉樹二次林,12,オニグルミ群落,00,,オニグルミ群落（Ｖ）,221200
594123,540100,2008,38,,9,植林地、耕作地植生,54,植林地,01,スギ・ヒノキ・サワラ植林,00,,スギ・ヒノキ・サワラ植林,540100
594123,010000,2008,1,,1,高山帯自然植生域,01,高山低木群落,00,,00,,高山低木群落,10000
594123,540700,2008,41,,9,植林地、耕作地植生,54,植林地,07,カラマツ植林,00,,カラマツ植林,540700
594123,540100,2008,38,,9,植林地、耕作地植生,54,植林地,01,スギ・ヒノキ・サワラ植林,00,,スギ・ヒノキ・サワラ植林,540100
594123,540700,2008,41,,9,植林地、耕作地植生,54,植林地,07,カラマツ植林,00,,カラマツ植林,540700
594123,540700,2008,41,,9,植林地、耕作地植生,54,植林地,07,カラマツ植林,00,,カラマツ植林,540700
594123,540100,2008,38,,9,植林地、耕作地植生,54,植林地,01,スギ・ヒノキ・サワラ植林,00,,スギ・ヒノキ・サワラ植林,540100
594123,220106,2008,21,,5,ブナクラス域代償植生,22,落葉広葉樹二次林,01,ブナ－ミズナラ群落,06,キタコブシ－ミズナラ群集,キタコブシ－ミズナラ群集,220106
594123,560200,2008,g,,9,植林地、耕作地植生,56,牧草地・ゴルフ場・芝地,02,牧草地,00,,牧草地,560200
594123,540700,2008,41,,9,植林地、耕作地植生,54,植林地,07,カラマツ植林,00,,カラマツ植林,540700
594123,540100,2008,38,,9,植林地、耕作地植生,54,植林地,01,スギ・ヒノキ・サワラ植林,00,,スギ・ヒノキ・サワラ植林,540100
594123,220100,2008,20,,5,ブナクラス域代償植生,22,落葉広葉樹二次林,01,ブナ－ミズナラ群落,00,,ブナ－ミズナラ群落,220100
594123,540100,2008,38,,9,植林地、耕作地植生,54,植林地,01,スギ・ヒノキ・サワラ植林,00,,スギ・ヒノキ・サワラ植林,540100
594123,580101,2008,i,,10,その他,58,市街地等,01,市街地,01,緑の多い住宅地,緑の多い住宅地,580101
594123,540100,2008,38,,9,植林地、耕作地植生,54,植林地,01,スギ・ヒノキ・サワラ植林,00,,スギ・ヒノキ・サワラ植林,540100
594123,220505,2008,24,,5,ブナクラス域代償植生,22,落葉広葉樹二次林,05,コナラ群落,05,ホソバヒカゲスゲ－コナラ群集,ホソバヒカゲスゲ－コナラ群集,220505
594123,540100,2008,38,,9,植林地、耕作地植生,54,植林地,01,スギ・ヒノキ・サワラ植林,00,,スギ・ヒノキ・サワラ植林,540100
594123,540700,2008,41,,9,植林地、耕作地植生,54,植林地,07,カラマツ植林,00,,カラマツ植林,540700
594123,540100,2008,38,,9,植林地、耕作地植生,54,植林地,01,スギ・ヒノキ・サワラ植林,00,,スギ・ヒノキ・サワラ植林,540100
594123,220505,2008,24,,5,ブナクラス域代償植生,22,落葉広葉樹二次林,05,コナラ群落,05,ホソバヒカゲスゲ－コナラ群集,ホソバヒカゲスゲ－コナラ群集,220505
594123,540100,2008,38,,9,植林地、耕作地植生,54,植林地,01,スギ・ヒノキ・サワラ植林,00,,スギ・ヒノキ・サワラ植林,540100
594123,220505,2008,24,,5,ブナクラス域代償植生,22,落葉広葉樹二次林,05,コナラ群落,05,ホソバヒカゲスゲ－コナラ群集,ホソバヒカゲスゲ－コナラ群集,220505
594123,221200,2008,26,,5,ブナクラス域代償植生,22,落葉広葉樹二次林,12,オニグルミ群落,00,,オニグルミ群落（Ｖ）,221200
594123,570300,2008,a,,9,植林地、耕作地植生,57,耕作地,03,畑雑草群落,00,,畑雑草群落,570300
594123,221200,2008,26,,5,ブナクラス域代償植生,22,落葉広葉樹二次林,12,オニグルミ群落,00,,オニグルミ群落（Ｖ）,221200
594123,220505,2008,24,,5,ブナクラス域代償植生,22,落葉広葉樹二次林,05,コナラ群落,05,ホソバヒカゲスゲ－コナラ群集,ホソバヒカゲスゲ－コナラ群集,220505
594123,540100,2008,38,,9,植林地、耕作地植生,54,植林地,01,スギ・ヒノキ・サワラ植林,00,,スギ・ヒノキ・サワラ植林,540100
594123,221200,2008,26,,5,ブナクラス域代償植生,22,落葉広葉樹二次林,12,オニグルミ群落,00,,オニグルミ群落（Ｖ）,221200
594123,570400,2008,b,,9,植林地、耕作地植生,57,耕作地,04,水田雑草群落,00,,水田雑草群落,570400
594123,220106,2008,21,,5,ブナクラス域代償植生,22,落葉広葉樹二次林,01,ブナ－ミズナラ群落,06,キタコブシ－ミズナラ群集,キタコブシ－ミズナラ群集,220106
594123,220106,2008,21,,5,ブナクラス域代償植生,22,落葉広葉樹二次林,01,ブナ－ミズナラ群落,06,キタコブシ－ミズナラ群集,キタコブシ－ミズナラ群集,220106
594123,540700,2008,41,,9,植林地、耕作地植生,54,植林地,07,カラマツ植林,00,,カラマツ植林,540700
594123,580101,2008,i,,10,その他,58,市街地等,01,市街地,01,緑の多い住宅地,緑の多い住宅地,580101
594123,560200,2008,g,,9,植林地、耕作地植生,56,牧草地・ゴルフ場・芝地,02,牧草地,00,,牧草地,560200
594123,540700,2008,41,,9,植林地、耕作地植生,54,植林地,07,カラマツ植林,00,,カラマツ植林,540700
594123,220106,2008,21,,5,ブナクラス域代償植生,22,落葉広葉樹二次林,01,ブナ－ミズナラ群落,06,キタコブシ－ミズナラ群集,キタコブシ－ミズナラ群集,220106
594123,220505,2008,24,,5,ブナクラス域代償植生,22,落葉広葉樹二次林,05,コナラ群落,05,ホソバヒカゲスゲ－コナラ群集,ホソバヒカゲスゲ－コナラ群集,220505
594123,540100,2008,38,,9,植林地、耕作地植生,54,植林地,01,スギ・ヒノキ・サワラ植林,00,,スギ・ヒノキ・サワラ植林,540100
594123,140200,2008,13,,4,ブナクラス域自然植生,14,冷温帯針葉樹林,02,ヒノキアスナロ群落,00,,ヒノキアスナロ群落（ＩＶ）,140200
594123,540700,2008,41,,9,植林地、耕作地植生,54,植林地,07,カラマツ植林,00,,カラマツ植林,540700
594123,220505,2008,24,,5,ブナクラス域代償植生,22,落葉広葉樹二次林,05,コナラ群落,05,ホソバヒカゲスゲ－コナラ群集,ホソバヒカゲスゲ－コナラ群集,220505
594123,560200,2008,g,,9,植林地、耕作地植生,56,牧草地・ゴルフ場・芝地,02,牧草地,00,,牧草地,560200
594123,070200,2008,8,,2,コケモモ－トウヒクラス域自然植生,07,高茎草原及び風衝草原,02,ササ群落,00,,ササ群落（ＩＩ）,70200
594123,070200,2008,8,,2,コケモモ－トウヒクラス域自然植生,07,高茎草原及び風衝草原,02,ササ群落,00,,ササ群落（ＩＩ）,70200
594123,580101,2008,i,,10,その他,58,市街地等,01,市街地,01,緑の多い住宅地,緑の多い住宅地,580101
594123,070200,2008,8,,2,コケモモ－トウヒクラス域自然植生,07,高茎草原及び風衝草原,02,ササ群落,00,,ササ群落（ＩＩ）,70200
594123,560200,2008,g,,9,植林地、耕作地植生,56,牧草地・ゴルフ場・芝地,02,牧草地,00,,牧草地,560200
594123,220100,2008,20,,5,ブナクラス域代償植生,22,落葉広葉樹二次林,01,ブナ－ミズナラ群落,00,,ブナ－ミズナラ群落,220100
594123,540700,2008,41,,9,植林地、耕作地植生,54,植林地,07,カラマツ植林,00,,カラマツ植林,540700
594123,540700,2008,41,,9,植林地、耕作地植生,54,植林地,07,カラマツ植林,00,,カラマツ植林,540700
594123,540100,2008,38,,9,植林地、耕作地植生,54,植林地,01,スギ・ヒノキ・サワラ植林,00,,スギ・ヒノキ・サワラ植林,540100
594123,580101,2008,i,,10,その他,58,市街地等,01,市街地,01,緑の多い住宅地,緑の多い住宅地,580101
594123,070200,2008,8,,2,コケモモ－トウヒクラス域自然植生,07,高茎草原及び風衝草原,02,ササ群落,00,,ササ群落（ＩＩ）,70200
594123,220505,2008,24,,5,ブナクラス域代償植生,22,落葉広葉樹二次林,05,コナラ群落,05,ホソバヒカゲスゲ－コナラ群集,ホソバヒカゲスゲ－コナラ群集,220505
594123,540700,2008,41,,9,植林地、耕作地植生,54,植林地,07,カラマツ植林,00,,カラマツ植林,540700
594123,220106,2008,21,,5,ブナクラス域代償植生,22,落葉広葉樹二次林,01,ブナ－ミズナラ群落,06,キタコブシ－ミズナラ群集,キタコブシ－ミズナラ群集,220106
594123,560200,2008,g,,9,植林地、耕作地植生,56,牧草地・ゴルフ場・芝地,02,牧草地,00,,牧草地,560200
594123,220505,2008,24,,5,ブナクラス域代償植生,22,落葉広葉樹二次林,05,コナラ群落,05,ホソバヒカゲスゲ－コナラ群集,ホソバヒカゲスゲ－コナラ群集,220505
594123,540700,2008,41,,9,植林地、耕作地植生,54,植林地,07,カラマツ植林,00,,カラマツ植林,540700
594123,540100,2008,38,,9,植林地、耕作地植生,54,植林地,01,スギ・ヒノキ・サワラ植林,00,,スギ・ヒノキ・サワラ植林,540100
594123,060107,2008,7,,2,コケモモ－トウヒクラス域自然植生,06,亜高山帯広葉樹林,01,ミドリユキザサ－ダケカンバ群団,07,ササ－ダケカンバ群落,ササ－ダケカンバ群落,60107
594123,540100,2008,38,,9,植林地、耕作地植生,54,植林地,01,スギ・ヒノキ・サワラ植林,00,,スギ・ヒノキ・サワラ植林,540100
594123,070200,2008,8,,2,コケモモ－トウヒクラス域自然植生,07,高茎草原及び風衝草原,02,ササ群落,00,,ササ群落（ＩＩ）,70200
594123,540700,2008,41,,9,植林地、耕作地植生,54,植林地,07,カラマツ植林,00,,カラマツ植林,540700
594123,220106,2008,21,,5,ブナクラス域代償植生,22,落葉広葉樹二次林,01,ブナ－ミズナラ群落,06,キタコブシ－ミズナラ群集,キタコブシ－ミズナラ群集,220106
594123,220106,2008,21,,5,ブナクラス域代償植生,22,落葉広葉樹二次林,01,ブナ－ミズナラ群落,06,キタコブシ－ミズナラ群集,キタコブシ－ミズナラ群集,220106
594123,540100,2008,38,,9,植林地、耕作地植生,54,植林地,01,スギ・ヒノキ・サワラ植林,00,,スギ・ヒノキ・サワラ植林,540100
594123,060100,2008,47,,2,コケモモ－トウヒクラス域自然植生,06,亜高山帯広葉樹林,01,ミドリユキザサ－ダケカンバ群団,00,,ミドリユキザサ－ダケカンバ群団,60100
594123,540100,2008,38,,9,植林地、耕作地植生,54,植林地,01,スギ・ヒノキ・サワラ植林,00,,スギ・ヒノキ・サワラ植林,540100
594123,540700,2008,41,,9,植林地、耕作地植生,54,植林地,07,カラマツ植林,00,,カラマツ植林,540700
594123,070200,2008,8,,2,コケモモ－トウヒクラス域自然植生,07,高茎草原及び風衝草原,02,ササ群落,00,,ササ群落（ＩＩ）,70200
594123,540700,2008,41,,9,植林地、耕作地植生,54,植林地,07,カラマツ植林,00,,カラマツ植林,540700
594123,540100,2008,38,,9,植林地、耕作地植生,54,植林地,01,スギ・ヒノキ・サワラ植林,00,,スギ・ヒノキ・サワラ植林,540100
594123,540700,2008,41,,9,植林地、耕作地植生,54,植林地,07,カラマツ植林,00,,カラマツ植林,540700
594123,070200,2008,8,,2,コケモモ－トウヒクラス域自然植生,07,高茎草原及び風衝草原,02,ササ群落,00,,ササ群落（ＩＩ）,70200
594123,070200,2008,8,,2,コケモモ－トウヒクラス域自然植生,07,高茎草原及び風衝草原,02,ササ群落,00,,ササ群落（ＩＩ）,70200
594123,060107,2008,7,,2,コケモモ－トウヒクラス域自然植生,06,亜高山帯広葉樹林,01,ミドリユキザサ－ダケカンバ群団,07,ササ－ダケカンバ群落,ササ－ダケカンバ群落,60107
594123,220505,2008,24,,5,ブナクラス域代償植生,22,落葉広葉樹二次林,05,コナラ群落,05,ホソバヒカゲスゲ－コナラ群集,ホソバヒカゲスゲ－コナラ群集,220505
594123,540100,2008,38,,9,植林地、耕作地植生,54,植林地,01,スギ・ヒノキ・サワラ植林,00,,スギ・ヒノキ・サワラ植林,540100
594123,540200,2008,39,,9,植林地、耕作地植生,54,植林地,02,アカマツ植林,00,,アカマツ植林,540200
594123,540700,2008,41,,9,植林地、耕作地植生,54,植林地,07,カラマツ植林,00,,カラマツ植林,540700
594123,540100,2008,38,,9,植林地、耕作地植生,54,植林地,01,スギ・ヒノキ・サワラ植林,00,,スギ・ヒノキ・サワラ植林,540100
594123,070200,2008,8,,2,コケモモ－トウヒクラス域自然植生,07,高茎草原及び風衝草原,02,ササ群落,00,,ササ群落（ＩＩ）,70200
594123,220106,2008,21,,5,ブナクラス域代償植生,22,落葉広葉樹二次林,01,ブナ－ミズナラ群落,06,キタコブシ－ミズナラ群集,キタコブシ－ミズナラ群集,220106
594123,050100,2008,4,,2,コケモモ－トウヒクラス域自然植生,05,亜高山帯針葉樹林,01,オオシラビソ群団,00,,オオシラビソ群団,50100
594123,070200,2008,8,,2,コケモモ－トウヒクラス域自然植生,07,高茎草原及び風衝草原,02,ササ群落,00,,ササ群落（ＩＩ）,70200
594123,070200,2008,8,,2,コケモモ－トウヒクラス域自然植生,07,高茎草原及び風衝草原,02,ササ群落,00,,ササ群落（ＩＩ）,70200
594123,540700,2008,41,,9,植林地、耕作地植生,54,植林地,07,カラマツ植林,00,,カラマツ植林,540700
594123,070200,2008,8,,2,コケモモ－トウヒクラス域自然植生,07,高茎草原及び風衝草原,02,ササ群落,00,,ササ群落（ＩＩ）,70200
594123,540700,2008,41,,9,植林地、耕作地植生,54,植林地,07,カラマツ植林,00,,カラマツ植林,540700
594123,540700,2008,41,,9,植林地、耕作地植生,54,植林地,07,カラマツ植林,00,,カラマツ植林,540700
594123,540700,2008,41,,9,植林地、耕作地植生,54,植林地,07,カラマツ植林,00,,カラマツ植林,540700
594123,260000,2008,31,,5,ブナクラス域代償植生,26,伐採跡地群落,00,,00,,伐採跡地群落（Ｖ）,260000
594123,050100,2008,4,,2,コケモモ－トウヒクラス域自然植生,05,亜高山帯針葉樹林,01,オオシラビソ群団,00,,オオシラビソ群団,50100
594123,540100,2008,38,,9,植林地、耕作地植生,54,植林地,01,スギ・ヒノキ・サワラ植林,00,,スギ・ヒノキ・サワラ植林,540100
594123,540700,2008,41,,9,植林地、耕作地植生,54,植林地,07,カラマツ植林,00,,カラマツ植林,540700
594123,060107,2008,7,,2,コケモモ－トウヒクラス域自然植生,06,亜高山帯広葉樹林,01,ミドリユキザサ－ダケカンバ群団,07,ササ－ダケカンバ群落,ササ－ダケカンバ群落,60107
594123,070200,2008,8,,2,コケモモ－トウヒクラス域自然植生,07,高茎草原及び風衝草原,02,ササ群落,00,,ササ群落（ＩＩ）,70200
594123,050100,2008,4,,2,コケモモ－トウヒクラス域自然植生,05,亜高山帯針葉樹林,01,オオシラビソ群団,00,,オオシラビソ群団,50100
594123,540100,2008,38,,9,植林地、耕作地植生,54,植林地,01,スギ・ヒノキ・サワラ植林,00,,スギ・ヒノキ・サワラ植林,540100
594123,540200,2008,39,,9,植林地、耕作地植生,54,植林地,02,アカマツ植林,00,,アカマツ植林,540200
594123,250200,2008,30,,5,ブナクラス域代償植生,25,二次草原,02,ススキ群団,00,,ススキ群団（Ｖ）,250200
594123,540200,2008,39,,9,植林地、耕作地植生,54,植林地,02,アカマツ植林,00,,アカマツ植林,540200
594123,560200,2008,g,,9,植林地、耕作地植生,56,牧草地・ゴルフ場・芝地,02,牧草地,00,,牧草地,560200
594123,540700,2008,41,,9,植林地、耕作地植生,54,植林地,07,カラマツ植林,00,,カラマツ植林,540700
594123,220505,2008,24,,5,ブナクラス域代償植生,22,落葉広葉樹二次林,05,コナラ群落,05,ホソバヒカゲスゲ－コナラ群集,ホソバヒカゲスゲ－コナラ群集,220505
594123,540100,2008,38,,9,植林地、耕作地植生,54,植林地,01,スギ・ヒノキ・サワラ植林,00,,スギ・ヒノキ・サワラ植林,540100
594123,540700,2008,41,,9,植林地、耕作地植生,54,植林地,07,カラマツ植林,00,,カラマツ植林,540700
594123,070200,2008,8,,2,コケモモ－トウヒクラス域自然植生,07,高茎草原及び風衝草原,02,ササ群落,00,,ササ群落（ＩＩ）,70200
594123,220505,2008,24,,5,ブナクラス域代償植生,22,落葉広葉樹二次林,05,コナラ群落,05,ホソバヒカゲスゲ－コナラ群集,ホソバヒカゲスゲ－コナラ群集,220505
594123,220505,2008,24,,5,ブナクラス域代償植生,22,落葉広葉樹二次林,05,コナラ群落,05,ホソバヒカゲスゲ－コナラ群集,ホソバヒカゲスゲ－コナラ群集,220505
594123,250200,2008,30,,5,ブナクラス域代償植生,25,二次草原,02,ススキ群団,00,,ススキ群団（Ｖ）,250200
594123,570400,2008,b,,9,植林地、耕作地植生,57,耕作地,04,水田雑草群落,00,,水田雑草群落,570400
594123,220505,2008,24,,5,ブナクラス域代償植生,22,落葉広葉樹二次林,05,コナラ群落,05,ホソバヒカゲスゲ－コナラ群集,ホソバヒカゲスゲ－コナラ群集,220505
594123,220505,2008,24,,5,ブナクラス域代償植生,22,落葉広葉樹二次林,05,コナラ群落,05,ホソバヒカゲスゲ－コナラ群集,ホソバヒカゲスゲ－コナラ群集,220505
594123,570300,2008,a,,9,植林地、耕作地植生,57,耕作地,03,畑雑草群落,00,,畑雑草群落,570300
594123,221400,2008,28,,5,ブナクラス域代償植生,22,落葉広葉樹二次林,14,ダケカンバ群落,00,,ダケカンバ群落（Ｖ）,221400
594123,070200,2008,8,,2,コケモモ－トウヒクラス域自然植生,07,高茎草原及び風衝草原,02,ササ群落,00,,ササ群落（ＩＩ）,70200
594123,540200,2008,39,,9,植林地、耕作地植生,54,植林地,02,アカマツ植林,00,,アカマツ植林,540200
594123,570300,2008,a,,9,植林地、耕作地植生,57,耕作地,03,畑雑草群落,00,,畑雑草群落,570300
594123,220505,2008,24,,5,ブナクラス域代償植生,22,落葉広葉樹二次林,05,コナラ群落,05,ホソバヒカゲスゲ－コナラ群集,ホソバヒカゲスゲ－コナラ群集,220505
594123,570400,2008,b,,9,植林地、耕作地植生,57,耕作地,04,水田雑草群落,00,,水田雑草群落,570400
594123,220505,2008,24,,5,ブナクラス域代償植生,22,落葉広葉樹二次林,05,コナラ群落,05,ホソバヒカゲスゲ－コナラ群集,ホソバヒカゲスゲ－コナラ群集,220505
594123,220505,2008,24,,5,ブナクラス域代償植生,22,落葉広葉樹二次林,05,コナラ群落,05,ホソバヒカゲスゲ－コナラ群集,ホソバヒカゲスゲ－コナラ群集,220505
594123,580101,2008,i,,10,その他,58,市街地等,01,市街地,01,緑の多い住宅地,緑の多い住宅地,580101
594123,220100,2008,20,,5,ブナクラス域代償植生,22,落葉広葉樹二次林,01,ブナ－ミズナラ群落,00,,ブナ－ミズナラ群落,220100
594123,540100,2008,38,,9,植林地、耕作地植生,54,植林地,01,スギ・ヒノキ・サワラ植林,00,,スギ・ヒノキ・サワラ植林,540100
594123,220505,2008,24,,5,ブナクラス域代償植生,22,落葉広葉樹二次林,05,コナラ群落,05,ホソバヒカゲスゲ－コナラ群集,ホソバヒカゲスゲ－コナラ群集,220505
594123,540700,2008,41,,9,植林地、耕作地植生,54,植林地,07,カラマツ植林,00,,カラマツ植林,540700
594123,220505,2008,24,,5,ブナクラス域代償植生,22,落葉広葉樹二次林,05,コナラ群落,05,ホソバヒカゲスゲ－コナラ群集,ホソバヒカゲスゲ－コナラ群集,220505
594123,220505,2008,24,,5,ブナクラス域代償植生,22,落葉広葉樹二次林,05,コナラ群落,05,ホソバヒカゲスゲ－コナラ群集,ホソバヒカゲスゲ－コナラ群集,220505
594123,540200,2008,39,,9,植林地、耕作地植生,54,植林地,02,アカマツ植林,00,,アカマツ植林,540200
594123,220505,2008,24,,5,ブナクラス域代償植生,22,落葉広葉樹二次林,05,コナラ群落,05,ホソバヒカゲスゲ－コナラ群集,ホソバヒカゲスゲ－コナラ群集,220505
594123,220106,2008,21,,5,ブナクラス域代償植生,22,落葉広葉樹二次林,01,ブナ－ミズナラ群落,06,キタコブシ－ミズナラ群集,キタコブシ－ミズナラ群集,220106
594123,220505,2008,24,,5,ブナクラス域代償植生,22,落葉広葉樹二次林,05,コナラ群落,05,ホソバヒカゲスゲ－コナラ群集,ホソバヒカゲスゲ－コナラ群集,220505
594123,570300,2008,a,,9,植林地、耕作地植生,57,耕作地,03,畑雑草群落,00,,畑雑草群落,570300
594123,570400,2008,b,,9,植林地、耕作地植生,57,耕作地,04,水田雑草群落,00,,水田雑草群落,570400
594123,060107,2008,7,,2,コケモモ－トウヒクラス域自然植生,06,亜高山帯広葉樹林,01,ミドリユキザサ－ダケカンバ群団,07,ササ－ダケカンバ群落,ササ－ダケカンバ群落,60107
594123,540100,2008,38,,9,植林地、耕作地植生,54,植林地,01,スギ・ヒノキ・サワラ植林,00,,スギ・ヒノキ・サワラ植林,540100
594123,540200,2008,39,,9,植林地、耕作地植生,54,植林地,02,アカマツ植林,00,,アカマツ植林,540200
594123,220505,2008,24,,5,ブナクラス域代償植生,22,落葉広葉樹二次林,05,コナラ群落,05,ホソバヒカゲスゲ－コナラ群集,ホソバヒカゲスゲ－コナラ群集,220505
594123,540100,2008,38,,9,植林地、耕作地植生,54,植林地,01,スギ・ヒノキ・サワラ植林,00,,スギ・ヒノキ・サワラ植林,540100
594123,540700,2008,41,,9,植林地、耕作地植生,54,植林地,07,カラマツ植林,00,,カラマツ植林,540700
594123,540100,2008,38,,9,植林地、耕作地植生,54,植林地,01,スギ・ヒノキ・サワラ植林,00,,スギ・ヒノキ・サワラ植林,540100
594123,220106,2008,21,,5,ブナクラス域代償植生,22,落葉広葉樹二次林,01,ブナ－ミズナラ群落,06,キタコブシ－ミズナラ群集,キタコブシ－ミズナラ群集,220106
594123,560200,2008,g,,9,植林地、耕作地植生,56,牧草地・ゴルフ場・芝地,02,牧草地,00,,牧草地,560200
594123,580101,2008,i,,10,その他,58,市街地等,01,市街地,01,緑の多い住宅地,緑の多い住宅地,580101
594123,220505,2008,24,,5,ブナクラス域代償植生,22,落葉広葉樹二次林,05,コナラ群落,05,ホソバヒカゲスゲ－コナラ群集,ホソバヒカゲスゲ－コナラ群集,220505
594123,540200,2008,39,,9,植林地、耕作地植生,54,植林地,02,アカマツ植林,00,,アカマツ植林,540200
594123,070200,2008,8,,2,コケモモ－トウヒクラス域自然植生,07,高茎草原及び風衝草原,02,ササ群落,00,,ササ群落（ＩＩ）,70200
594123,560200,2008,g,,9,植林地、耕作地植生,56,牧草地・ゴルフ場・芝地,02,牧草地,00,,牧草地,560200
594123,220505,2008,24,,5,ブナクラス域代償植生,22,落葉広葉樹二次林,05,コナラ群落,05,ホソバヒカゲスゲ－コナラ群集,ホソバヒカゲスゲ－コナラ群集,220505
594123,220505,2008,24,,5,ブナクラス域代償植生,22,落葉広葉樹二次林,05,コナラ群落,05,ホソバヒカゲスゲ－コナラ群集,ホソバヒカゲスゲ－コナラ群集,220505
594123,540200,2008,39,,9,植林地、耕作地植生,54,植林地,02,アカマツ植林,00,,アカマツ植林,540200
594123,220100,2008,20,,5,ブナクラス域代償植生,22,落葉広葉樹二次林,01,ブナ－ミズナラ群落,00,,ブナ－ミズナラ群落,220100
594123,540200,2008,39,,9,植林地、耕作地植生,54,植林地,02,アカマツ植林,00,,アカマツ植林,540200
594123,570400,2008,b,,9,植林地、耕作地植生,57,耕作地,04,水田雑草群落,00,,水田雑草群落,570400
594123,570300,2008,a,,9,植林地、耕作地植生,57,耕作地,03,畑雑草群落,00,,畑雑草群落,570300
594123,540700,2008,41,,9,植林地、耕作地植生,54,植林地,07,カラマツ植林,00,,カラマツ植林,540700
594123,540100,2008,38,,9,植林地、耕作地植生,54,植林地,01,スギ・ヒノキ・サワラ植林,00,,スギ・ヒノキ・サワラ植林,540100
594123,540700,2008,41,,9,植林地、耕作地植生,54,植林地,07,カラマツ植林,00,,カラマツ植林,540700
594123,570300,2008,a,,9,植林地、耕作地植生,57,耕作地,03,畑雑草群落,00,,畑雑草群落,570300
594123,570300,2008,a,,9,植林地、耕作地植生,57,耕作地,03,畑雑草群落,00,,畑雑草群落,570300
594123,220505,2008,24,,5,ブナクラス域代償植生,22,落葉広葉樹二次林,05,コナラ群落,05,ホソバヒカゲスゲ－コナラ群集,ホソバヒカゲスゲ－コナラ群集,220505
594123,540700,2008,41,,9,植林地、耕作地植生,54,植林地,07,カラマツ植林,00,,カラマツ植林,540700
594123,220505,2008,24,,5,ブナクラス域代償植生,22,落葉広葉樹二次林,05,コナラ群落,05,ホソバヒカゲスゲ－コナラ群集,ホソバヒカゲスゲ－コナラ群集,220505
594123,570300,2008,a,,9,植林地、耕作地植生,57,耕作地,03,畑雑草群落,00,,畑雑草群落,570300
594123,540200,2008,39,,9,植林地、耕作地植生,54,植林地,02,アカマツ植林,00,,アカマツ植林,540200
594123,580101,2008,i,,10,その他,58,市街地等,01,市街地,01,緑の多い住宅地,緑の多い住宅地,580101
594123,570200,2008,e,,9,植林地、耕作地植生,57,耕作地,02,果樹園,00,,果樹園,570200
594123,070200,2008,8,,2,コケモモ－トウヒクラス域自然植生,07,高茎草原及び風衝草原,02,ササ群落,00,,ササ群落（ＩＩ）,70200
594123,220505,2008,24,,5,ブナクラス域代償植生,22,落葉広葉樹二次林,05,コナラ群落,05,ホソバヒカゲスゲ－コナラ群集,ホソバヒカゲスゲ－コナラ群集,220505
594123,570300,2008,a,,9,植林地、耕作地植生,57,耕作地,03,畑雑草群落,00,,畑雑草群落,570300
594123,570300,2008,a,,9,植林地、耕作地植生,57,耕作地,03,畑雑草群落,00,,畑雑草群落,570300
594123,220505,2008,24,,5,ブナクラス域代償植生,22,落葉広葉樹二次林,05,コナラ群落,05,ホソバヒカゲスゲ－コナラ群集,ホソバヒカゲスゲ－コナラ群集,220505
594123,540100,2008,38,,9,植林地、耕作地植生,54,植林地,01,スギ・ヒノキ・サワラ植林,00,,スギ・ヒノキ・サワラ植林,540100
594123,570400,2008,b,,9,植林地、耕作地植生,57,耕作地,04,水田雑草群落,00,,水田雑草群落,570400
594123,580101,2008,i,,10,その他,58,市街地等,01,市街地,01,緑の多い住宅地,緑の多い住宅地,580101
594123,570200,2008,e,,9,植林地、耕作地植生,57,耕作地,02,果樹園,00,,果樹園,570200
594123,540200,2008,39,,9,植林地、耕作地植生,54,植林地,02,アカマツ植林,00,,アカマツ植林,540200
594123,220505,2008,24,,5,ブナクラス域代償植生,22,落葉広葉樹二次林,05,コナラ群落,05,ホソバヒカゲスゲ－コナラ群集,ホソバヒカゲスゲ－コナラ群集,220505
594123,580101,2008,i,,10,その他,58,市街地等,01,市街地,01,緑の多い住宅地,緑の多い住宅地,580101
594123,540700,2008,41,,9,植林地、耕作地植生,54,植林地,07,カラマツ植林,00,,カラマツ植林,540700
594123,540100,2008,38,,9,植林地、耕作地植生,54,植林地,01,スギ・ヒノキ・サワラ植林,00,,スギ・ヒノキ・サワラ植林,540100
594123,570200,2008,e,,9,植林地、耕作地植生,57,耕作地,02,果樹園,00,,果樹園,570200
594123,570300,2008,a,,9,植林地、耕作地植生,57,耕作地,03,畑雑草群落,00,,畑雑草群落,570300
594123,570400,2008,b,,9,植林地、耕作地植生,57,耕作地,04,水田雑草群落,00,,水田雑草群落,570400
594123,540100,2008,38,,9,植林地、耕作地植生,54,植林地,01,スギ・ヒノキ・サワラ植林,00,,スギ・ヒノキ・サワラ植林,540100
594123,570400,2008,b,,9,植林地、耕作地植生,57,耕作地,04,水田雑草群落,00,,水田雑草群落,570400
594123,221200,2008,26,,5,ブナクラス域代償植生,22,落葉広葉樹二次林,12,オニグルミ群落,00,,オニグルミ群落（Ｖ）,221200
594123,220505,2008,24,,5,ブナクラス域代償植生,22,落葉広葉樹二次林,05,コナラ群落,05,ホソバヒカゲスゲ－コナラ群集,ホソバヒカゲスゲ－コナラ群集,220505
594123,220505,2008,24,,5,ブナクラス域代償植生,22,落葉広葉樹二次林,05,コナラ群落,05,ホソバヒカゲスゲ－コナラ群集,ホソバヒカゲスゲ－コナラ群集,220505
594123,540100,2008,38,,9,植林地、耕作地植生,54,植林地,01,スギ・ヒノキ・サワラ植林,00,,スギ・ヒノキ・サワラ植林,540100
594123,220505,2008,24,,5,ブナクラス域代償植生,22,落葉広葉樹二次林,05,コナラ群落,05,ホソバヒカゲスゲ－コナラ群集,ホソバヒカゲスゲ－コナラ群集,220505
594123,220505,2008,24,,5,ブナクラス域代償植生,22,落葉広葉樹二次林,05,コナラ群落,05,ホソバヒカゲスゲ－コナラ群集,ホソバヒカゲスゲ－コナラ群集,220505
594123,220505,2008,24,,5,ブナクラス域代償植生,22,落葉広葉樹二次林,05,コナラ群落,05,ホソバヒカゲスゲ－コナラ群集,ホソバヒカゲスゲ－コナラ群集,220505
594123,570400,2008,b,,9,植林地、耕作地植生,57,耕作地,04,水田雑草群落,00,,水田雑草群落,570400
594123,540200,2008,39,,9,植林地、耕作地植生,54,植林地,02,アカマツ植林,00,,アカマツ植林,540200
594123,580101,2008,i,,10,その他,58,市街地等,01,市街地,01,緑の多い住宅地,緑の多い住宅地,580101
594123,580101,2008,i,,10,その他,58,市街地等,01,市街地,01,緑の多い住宅地,緑の多い住宅地,580101
594123,540100,2008,38,,9,植林地、耕作地植生,54,植林地,01,スギ・ヒノキ・サワラ植林,00,,スギ・ヒノキ・サワラ植林,540100
594123,221400,2008,28,,5,ブナクラス域代償植生,22,落葉広葉樹二次林,14,ダケカンバ群落,00,,ダケカンバ群落（Ｖ）,221400
594123,220505,2008,24,,5,ブナクラス域代償植生,22,落葉広葉樹二次林,05,コナラ群落,05,ホソバヒカゲスゲ－コナラ群集,ホソバヒカゲスゲ－コナラ群集,220505
594123,580101,2008,i,,10,その他,58,市街地等,01,市街地,01,緑の多い住宅地,緑の多い住宅地,580101
594123,220505,2008,24,,5,ブナクラス域代償植生,22,落葉広葉樹二次林,05,コナラ群落,05,ホソバヒカゲスゲ－コナラ群集,ホソバヒカゲスゲ－コナラ群集,220505
594123,220505,2008,24,,5,ブナクラス域代償植生,22,落葉広葉樹二次林,05,コナラ群落,05,ホソバヒカゲスゲ－コナラ群集,ホソバヒカゲスゲ－コナラ群集,220505
594123,570300,2008,a,,9,植林地、耕作地植生,57,耕作地,03,畑雑草群落,00,,畑雑草群落,570300
594123,220505,2008,24,,5,ブナクラス域代償植生,22,落葉広葉樹二次林,05,コナラ群落,05,ホソバヒカゲスゲ－コナラ群集,ホソバヒカゲスゲ－コナラ群集,220505
594123,570400,2008,b,,9,植林地、耕作地植生,57,耕作地,04,水田雑草群落,00,,水田雑草群落,570400
594123,570300,2008,a,,9,植林地、耕作地植生,57,耕作地,03,畑雑草群落,00,,畑雑草群落,570300
594123,260000,2008,31,,5,ブナクラス域代償植生,26,伐採跡地群落,00,,00,,伐採跡地群落（Ｖ）,260000
594123,540700,2008,41,,9,植林地、耕作地植生,54,植林地,07,カラマツ植林,00,,カラマツ植林,540700
594123,570300,2008,a,,9,植林地、耕作地植生,57,耕作地,03,畑雑草群落,00,,畑雑草群落,570300
594123,580101,2008,i,,10,その他,58,市街地等,01,市街地,01,緑の多い住宅地,緑の多い住宅地,580101
594123,580101,2008,i,,10,その他,58,市街地等,01,市街地,01,緑の多い住宅地,緑の多い住宅地,580101
594123,220106,2008,21,,5,ブナクラス域代償植生,22,落葉広葉樹二次林,01,ブナ－ミズナラ群落,06,キタコブシ－ミズナラ群集,キタコブシ－ミズナラ群集,220106
594123,570400,2008,b,,9,植林地、耕作地植生,57,耕作地,04,水田雑草群落,00,,水田雑草群落,570400
594123,540100,2008,38,,9,植林地、耕作地植生,54,植林地,01,スギ・ヒノキ・サワラ植林,00,,スギ・ヒノキ・サワラ植林,540100
594123,540700,2008,41,,9,植林地、耕作地植生,54,植林地,07,カラマツ植林,00,,カラマツ植林,540700
594123,220505,2008,24,,5,ブナクラス域代償植生,22,落葉広葉樹二次林,05,コナラ群落,05,ホソバヒカゲスゲ－コナラ群集,ホソバヒカゲスゲ－コナラ群集,220505
594123,580101,2008,i,,10,その他,58,市街地等,01,市街地,01,緑の多い住宅地,緑の多い住宅地,580101
594123,540200,2008,39,,9,植林地、耕作地植生,54,植林地,02,アカマツ植林,00,,アカマツ植林,540200
594123,580101,2008,i,,10,その他,58,市街地等,01,市街地,01,緑の多い住宅地,緑の多い住宅地,580101
594123,570200,2008,e,,9,植林地、耕作地植生,57,耕作地,02,果樹園,00,,果樹園,570200
594123,560200,2008,g,,9,植林地、耕作地植生,56,牧草地・ゴルフ場・芝地,02,牧草地,00,,牧草地,560200
594123,580101,2008,i,,10,その他,58,市街地等,01,市街地,01,緑の多い住宅地,緑の多い住宅地,580101
594123,580600,2008,w,,10,その他,58,市街地等,06,開放水域,00,,開放水域,580600
594123,220505,2008,24,,5,ブナクラス域代償植生,22,落葉広葉樹二次林,05,コナラ群落,05,ホソバヒカゲスゲ－コナラ群集,ホソバヒカゲスゲ－コナラ群集,220505
594123,580101,2008,i,,10,その他,58,市街地等,01,市街地,01,緑の多い住宅地,緑の多い住宅地,580101
594123,540700,2008,41,,9,植林地、耕作地植生,54,植林地,07,カラマツ植林,00,,カラマツ植林,540700
594123,260000,2008,31,,5,ブナクラス域代償植生,26,伐採跡地群落,00,,00,,伐採跡地群落（Ｖ）,260000
594123,220505,2008,24,,5,ブナクラス域代償植生,22,落葉広葉樹二次林,05,コナラ群落,05,ホソバヒカゲスゲ－コナラ群集,ホソバヒカゲスゲ－コナラ群集,220505
594123,540200,2008,39,,9,植林地、耕作地植生,54,植林地,02,アカマツ植林,00,,アカマツ植林,540200
594123,540100,2008,38,,9,植林地、耕作地植生,54,植林地,01,スギ・ヒノキ・サワラ植林,00,,スギ・ヒノキ・サワラ植林,540100
594123,540700,2008,41,,9,植林地、耕作地植生,54,植林地,07,カラマツ植林,00,,カラマツ植林,540700
594123,540700,2008,41,,9,植林地、耕作地植生,54,植林地,07,カラマツ植林,00,,カラマツ植林,540700
594123,220106,2008,21,,5,ブナクラス域代償植生,22,落葉広葉樹二次林,01,ブナ－ミズナラ群落,06,キタコブシ－ミズナラ群集,キタコブシ－ミズナラ群集,220106
594123,540700,2008,41,,9,植林地、耕作地植生,54,植林地,07,カラマツ植林,00,,カラマツ植林,540700
594123,220505,2008,24,,5,ブナクラス域代償植生,22,落葉広葉樹二次林,05,コナラ群落,05,ホソバヒカゲスゲ－コナラ群集,ホソバヒカゲスゲ－コナラ群集,220505
594123,570300,2008,a,,9,植林地、耕作地植生,57,耕作地,03,畑雑草群落,00,,畑雑草群落,570300
594123,540100,2008,38,,9,植林地、耕作地植生,54,植林地,01,スギ・ヒノキ・サワラ植林,00,,スギ・ヒノキ・サワラ植林,540100
594123,220505,2008,24,,5,ブナクラス域代償植生,22,落葉広葉樹二次林,05,コナラ群落,05,ホソバヒカゲスゲ－コナラ群集,ホソバヒカゲスゲ－コナラ群集,220505
594123,560200,2008,g,,9,植林地、耕作地植生,56,牧草地・ゴルフ場・芝地,02,牧草地,00,,牧草地,560200
594123,540200,2008,39,,9,植林地、耕作地植生,54,植林地,02,アカマツ植林,00,,アカマツ植林,540200
594123,220505,2008,24,,5,ブナクラス域代償植生,22,落葉広葉樹二次林,05,コナラ群落,05,ホソバヒカゲスゲ－コナラ群集,ホソバヒカゲスゲ－コナラ群集,220505
594123,220100,2008,20,,5,ブナクラス域代償植生,22,落葉広葉樹二次林,01,ブナ－ミズナラ群落,00,,ブナ－ミズナラ群落,220100
594123,220505,2008,24,,5,ブナクラス域代償植生,22,落葉広葉樹二次林,05,コナラ群落,05,ホソバヒカゲスゲ－コナラ群集,ホソバヒカゲスゲ－コナラ群集,220505
594123,570300,2008,a,,9,植林地、耕作地植生,57,耕作地,03,畑雑草群落,00,,畑雑草群落,570300
594123,570300,2008,a,,9,植林地、耕作地植生,57,耕作地,03,畑雑草群落,00,,畑雑草群落,570300
594123,260000,2008,31,,5,ブナクラス域代償植生,26,伐採跡地群落,00,,00,,伐採跡地群落（Ｖ）,260000
594123,220505,2008,24,,5,ブナクラス域代償植生,22,落葉広葉樹二次林,05,コナラ群落,05,ホソバヒカゲスゲ－コナラ群集,ホソバヒカゲスゲ－コナラ群集,220505
594123,540100,2008,38,,9,植林地、耕作地植生,54,植林地,01,スギ・ヒノキ・サワラ植林,00,,スギ・ヒノキ・サワラ植林,540100
594123,560200,2008,g,,9,植林地、耕作地植生,56,牧草地・ゴルフ場・芝地,02,牧草地,00,,牧草地,560200
594123,260000,2008,31,,5,ブナクラス域代償植生,26,伐採跡地群落,00,,00,,伐採跡地群落（Ｖ）,260000
594123,570400,2008,b,,9,植林地、耕作地植生,57,耕作地,04,水田雑草群落,00,,水田雑草群落,570400
594123,220106,2008,21,,5,ブナクラス域代償植生,22,落葉広葉樹二次林,01,ブナ－ミズナラ群落,06,キタコブシ－ミズナラ群集,キタコブシ－ミズナラ群集,220106
594123,220505,2008,24,,5,ブナクラス域代償植生,22,落葉広葉樹二次林,05,コナラ群落,05,ホソバヒカゲスゲ－コナラ群集,ホソバヒカゲスゲ－コナラ群集,220505
594123,580101,2008,i,,10,その他,58,市街地等,01,市街地,01,緑の多い住宅地,緑の多い住宅地,580101
594123,570400,2008,b,,9,植林地、耕作地植生,57,耕作地,04,水田雑草群落,00,,水田雑草群落,570400
594123,540100,2008,38,,9,植林地、耕作地植生,54,植林地,01,スギ・ヒノキ・サワラ植林,00,,スギ・ヒノキ・サワラ植林,540100
594123,220106,2008,21,,5,ブナクラス域代償植生,22,落葉広葉樹二次林,01,ブナ－ミズナラ群落,06,キタコブシ－ミズナラ群集,キタコブシ－ミズナラ群集,220106
594123,540100,2008,38,,9,植林地、耕作地植生,54,植林地,01,スギ・ヒノキ・サワラ植林,00,,スギ・ヒノキ・サワラ植林,540100
594123,540700,2008,41,,9,植林地、耕作地植生,54,植林地,07,カラマツ植林,00,,カラマツ植林,540700
594123,540100,2008,38,,9,植林地、耕作地植生,54,植林地,01,スギ・ヒノキ・サワラ植林,00,,スギ・ヒノキ・サワラ植林,540100
594123,580101,2008,i,,10,その他,58,市街地等,01,市街地,01,緑の多い住宅地,緑の多い住宅地,580101
594123,540100,2008,38,,9,植林地、耕作地植生,54,植林地,01,スギ・ヒノキ・サワラ植林,00,,スギ・ヒノキ・サワラ植林,540100
594123,260000,2008,31,,5,ブナクラス域代償植生,26,伐採跡地群落,00,,00,,伐採跡地群落（Ｖ）,260000
594123,220505,2008,24,,5,ブナクラス域代償植生,22,落葉広葉樹二次林,05,コナラ群落,05,ホソバヒカゲスゲ－コナラ群集,ホソバヒカゲスゲ－コナラ群集,220505
594123,220505,2008,24,,5,ブナクラス域代償植生,22,落葉広葉樹二次林,05,コナラ群落,05,ホソバヒカゲスゲ－コナラ群集,ホソバヒカゲスゲ－コナラ群集,220505
594123,220106,2008,21,,5,ブナクラス域代償植生,22,落葉広葉樹二次林,01,ブナ－ミズナラ群落,06,キタコブシ－ミズナラ群集,キタコブシ－ミズナラ群集,220106
594123,260000,2008,31,,5,ブナクラス域代償植生,26,伐採跡地群落,00,,00,,伐採跡地群落（Ｖ）,260000
594123,540700,2008,41,,9,植林地、耕作地植生,54,植林地,07,カラマツ植林,00,,カラマツ植林,540700
594123,220100,2008,20,,5,ブナクラス域代償植生,22,落葉広葉樹二次林,01,ブナ－ミズナラ群落,00,,ブナ－ミズナラ群落,220100
594123,220505,2008,24,,5,ブナクラス域代償植生,22,落葉広葉樹二次林,05,コナラ群落,05,ホソバヒカゲスゲ－コナラ群集,ホソバヒカゲスゲ－コナラ群集,220505
594123,220505,2008,24,,5,ブナクラス域代償植生,22,落葉広葉樹二次林,05,コナラ群落,05,ホソバヒカゲスゲ－コナラ群集,ホソバヒカゲスゲ－コナラ群集,220505
594123,540100,2008,38,,9,植林地、耕作地植生,54,植林地,01,スギ・ヒノキ・サワラ植林,00,,スギ・ヒノキ・サワラ植林,540100
594123,260000,2008,31,,5,ブナクラス域代償植生,26,伐採跡地群落,00,,00,,伐採跡地群落（Ｖ）,260000
594123,570300,2008,a,,9,植林地、耕作地植生,57,耕作地,03,畑雑草群落,00,,畑雑草群落,570300
594123,220505,2008,24,,5,ブナクラス域代償植生,22,落葉広葉樹二次林,05,コナラ群落,05,ホソバヒカゲスゲ－コナラ群集,ホソバヒカゲスゲ－コナラ群集,220505
594123,220100,2008,20,,5,ブナクラス域代償植生,22,落葉広葉樹二次林,01,ブナ－ミズナラ群落,00,,ブナ－ミズナラ群落,220100
594123,220505,2008,24,,5,ブナクラス域代償植生,22,落葉広葉樹二次林,05,コナラ群落,05,ホソバヒカゲスゲ－コナラ群集,ホソバヒカゲスゲ－コナラ群集,220505
594123,220505,2008,24,,5,ブナクラス域代償植生,22,落葉広葉樹二次林,05,コナラ群落,05,ホソバヒカゲスゲ－コナラ群集,ホソバヒカゲスゲ－コナラ群集,220505
594123,540700,2008,41,,9,植林地、耕作地植生,54,植林地,07,カラマツ植林,00,,カラマツ植林,540700
594123,540100,2008,38,,9,植林地、耕作地植生,54,植林地,01,スギ・ヒノキ・サワラ植林,00,,スギ・ヒノキ・サワラ植林,540100
594123,540700,2008,41,,9,植林地、耕作地植生,54,植林地,07,カラマツ植林,00,,カラマツ植林,540700
594123,220505,2008,24,,5,ブナクラス域代償植生,22,落葉広葉樹二次林,05,コナラ群落,05,ホソバヒカゲスゲ－コナラ群集,ホソバヒカゲスゲ－コナラ群集,220505
594123,540700,2008,41,,9,植林地、耕作地植生,54,植林地,07,カラマツ植林,00,,カラマツ植林,540700
594123,580101,2008,i,,10,その他,58,市街地等,01,市街地,01,緑の多い住宅地,緑の多い住宅地,580101
594123,540700,2008,41,,9,植林地、耕作地植生,54,植林地,07,カラマツ植林,00,,カラマツ植林,540700
594123,540100,2008,38,,9,植林地、耕作地植生,54,植林地,01,スギ・ヒノキ・サワラ植林,00,,スギ・ヒノキ・サワラ植林,540100
594123,220106,2008,21,,5,ブナクラス域代償植生,22,落葉広葉樹二次林,01,ブナ－ミズナラ群落,06,キタコブシ－ミズナラ群集,キタコブシ－ミズナラ群集,220106
